ONTOLOGY,ID,Description,GeneRatio,BgRatio,RichFactor,FoldEnrichment,zScore,pvalue,p.adjust,qvalue,geneID,Count
BP,GO:0006260,DNA replication,5/5,290/18860,0.0172413793103448,65.0344827586207,17.8952601789451,8.307265818480301e-10,3.70774006897567e-07,9.25800457859287e-08,TP53/BRCA1/BRCA2/CDKN1A/EGFR,5
BP,GO:0042771,intrinsic apoptotic signaling pathway in response to DNA damage by p53 class mediator,3/5,48/18860,0.0625,235.75,26.5179409164854,1.54164729512916e-07,7.64894234891008e-06,1.90989502959322e-06,TP53/BRCA2/CDKN1A,3
BP,GO:0010332,response to gamma radiation,3/5,53/18860,0.0566037735849057,213.509433962264,25.2282688846406,2.08720182967634e-07,9.26526023225375e-06,2.31347991111354e-06,TP53/BRCA2/CDKN1A,3
BP,GO:0072332,intrinsic apoptotic signaling pathway by p53 class mediator,3/5,88/18860,0.0340909090909091,128.590909090909,19.5360545454511,9.74996925931088e-07,2.41874237394443e-05,6.03945464240714e-06,TP53/BRCA2/CDKN1A,3
BP,GO:0001701,in utero embryonic development,4/5,429/18860,0.0093240093240093,35.1701631701632,11.6582217903586,1.29651504531174e-06,2.88362829043473e-05,7.20024689410874e-06,TP53/BRCA2/CDKN1A/EGFR,4
BP,GO:0044772,mitotic cell cycle phase transition,4/5,461/18860,0.0086767895878525,32.7288503253796,11.2315256443026,1.72812471091666e-06,3.71546812847081e-05,9.27730107965784e-06,TP53/BRCA1/CDKN1A/EGFR,4
BP,GO:0048144,fibroblast proliferation,3/5,114/18860,0.0263157894736842,99.2631578947368,17.1364122087119,2.13207600923269e-06,4.29746570610963e-05,1.07305141254145e-05,TP53/CDKN1A/EGFR,3
BP,GO:0016049,cell growth,4/5,499/18860,0.0080160320641282,30.2364729458918,10.7784956361171,2.37078135859871e-06,4.49751169498874e-05,1.12300169617834e-05,TP53/BRCA1/CDKN1A/EGFR,4
BP,GO:0006275,regulation of DNA replication,3/5,120/18860,0.025,94.3,16.6962345670946,2.48887690128716e-06,4.5866445752292e-05,1.1452576417953e-05,TP53/CDKN1A/EGFR,3
BP,GO:0010225,response to UV-C,2/5,15/18860,0.133333333333333,502.933333333333,31.6682934613122,5.89603490679396e-06,9.75113465354387e-05,2.43479984005257e-05,TP53/BRCA2,2
BP,GO:0044839,cell cycle G2/M phase transition,3/5,162/18860,0.0185185185185185,69.8518518518518,14.331994050673,6.14321375477214e-06,9.90593217957007e-05,2.4734518538951e-05,TP53/BRCA1/CDKN1A,3
BP,GO:0072593,reactive oxygen species metabolic process,3/5,237/18860,0.0126582278481013,47.746835443038,11.7932262863319,1.92332598840714e-05,0.000243244169122,6.07366101602253e-05,TP53/BRCA1/CDKN1A,3
BP,GO:0071480,cellular response to gamma radiation,2/5,28/18860,0.0714285714285714,269.428571428571,23.1467807022124,2.11964651103535e-05,0.000256843134653,6.41321902928135e-05,TP53/CDKN1A,2
BP,GO:0000082,G1/S transition of mitotic cell cycle,3/5,246/18860,0.0121951219512195,46.0,11.5688789419687,2.15031461570022e-05,0.000256843134653,6.41321902928135e-05,TP53/CDKN1A/EGFR,3
BP,GO:0010165,response to X-ray,2/5,30/18860,0.0666666666666667,251.466666666667,22.3571513792256,2.43875801207837e-05,0.0002859998032346,7.14124355689933e-05,TP53/BRCA2,2
BP,GO:0044843,cell cycle G1/S phase transition,3/5,275/18860,0.0109090909090909,41.1490909090909,10.921740268505,3.00085743857455e-05,0.0003395707101544,8.47887697325773e-05,TP53/CDKN1A/EGFR,3
BP,GO:2000378,negative regulation of reactive oxygen species metabolic process,2/5,44/18860,0.0454545454545455,171.454545454545,18.4332679869676,5.29572143311748e-05,0.0005577440390924,0.0001392653414625,TP53/BRCA1,2
BP,GO:0006302,double-strand break repair,3/5,334/18860,0.0089820359281437,33.8802395209581,9.87298415820341,5.36126053081134e-05,0.0005577440390924,0.0001392653414625,TP53/BRCA1/BRCA2,3
BP,GO:0031297,replication fork processing,2/5,59/18860,0.0338983050847458,127.864406779661,15.8930184735063,9.56295647064806e-05,0.0009206129736668,0.0002298715381004,BRCA1/BRCA2,2
BP,GO:0045005,DNA-templated DNA replication maintenance of fidelity,2/5,66/18860,0.0303030303030303,114.30303030303,15.0153322292299,0.0001197971591684,0.0011198430096177,0.0002796180831848,BRCA1/BRCA2,2
BP,GO:0072594,establishment of protein localization to organelle,3/5,478/18860,0.006276150627615,23.673640167364,8.17654594680978,0.0001557546775214,0.001339490226684,0.0003344626759406,TP53/BRCA2/CDKN1A,3
BP,GO:0061614,miRNA transcription,2/5,76/18860,0.0263157894736842,99.2631578947368,13.9776620967896,0.0001590020145744,0.0013494249921125,0.0003369433272839,TP53/EGFR,2
BP,GO:0050673,epithelial cell proliferation,3/5,496/18860,0.0060483870967741,22.8145161290323,8.01740540524473,0.0001738074890551,0.0014559198758517,0.0003635344610449,BRCA2/CDKN1A/EGFR,3
BP,GO:0051298,centrosome duplication,2/5,80/18860,0.025,94.3,13.6178926820763,0.0001762220434128,0.0014572207436058,0.0003638592799211,BRCA1/BRCA2,2
BP,GO:0010586,miRNA metabolic process,2/5,108/18860,0.0185185185185185,69.8518518518518,11.6851628751606,0.0003212608640272,0.002466824491638,0.0006159512806538,TP53/EGFR,2
BP,GO:0071482,cellular response to light stimulus,2/5,124/18860,0.0161290322580645,60.8387096774194,10.8864351009434,0.0004232898705955,0.0031381835233806,0.0007835856043692,TP53/CDKN1A,2
BP,GO:0072089,stem cell proliferation,2/5,131/18860,0.0152671755725191,57.587786259542,10.5835684145066,0.0004722829029283,0.0034616190044177,0.000864345504163,TP53/BRCA2,2
BP,GO:0062014,negative regulation of small molecule metabolic process,2/5,133/18860,0.0150375939849624,56.7218045112782,10.5014181462093,0.000486766529049,0.0035276900138946,0.0008808430389651,TP53/BRCA1,2
BP,GO:0045931,positive regulation of mitotic cell cycle,2/5,138/18860,0.0144927536231884,54.6666666666667,10.3038400439457,0.0005239184184137,0.0037547486652982,0.0009375382224245,BRCA2/EGFR,2
BP,GO:0051053,negative regulation of DNA metabolic process,2/5,139/18860,0.0143884892086331,54.273381294964,10.2655968612879,0.0005315102831751,0.0037672981609665,0.0009406717562266,TP53/CDKN1A,2
BP,GO:0045739,positive regulation of DNA repair,2/5,143/18860,0.013986013986014,52.7552447552448,10.1166174842842,0.0005624154484071,0.0039430213502459,0.0009845487826807,BRCA1/EGFR,2
BP,GO:0000086,G2/M transition of mitotic cell cycle,2/5,145/18860,0.0137931034482759,52.0275862068965,10.0444271791751,0.0005781904098077,0.0040100302615701,0.0010012805059489,BRCA1/CDKN1A,2
BP,GO:0007098,centrosome cycle,2/5,150/18860,0.0133333333333333,50.2933333333333,9.87024622992181,0.0006185669627237,0.0042444222442211,0.0010598067782388,BRCA1/BRCA2,2
BP,GO:0031023,microtubule organizing center organization,2/5,163/18860,0.0122699386503067,46.2822085889571,9.45510820175395,0.0007298112587923,0.0049550343360112,0.0012372423556258,BRCA1/BRCA2,2
BP,GO:0000723,telomere maintenance,2/5,166/18860,0.0120481927710843,45.4457831325301,9.3662242525673,0.0007567652685046,0.005032098950366,0.0012564849276311,TP53/BRCA2,2
BP,GO:0043086,negative regulation of catalytic activity,2/5,166/18860,0.0120481927710843,45.4457831325301,9.3662242525673,0.0007567652685046,0.005032098950366,0.0012564849276311,TP53/CDKN1A,2
BP,GO:0071897,DNA biosynthetic process,2/5,168/18860,0.0119047619047619,44.9047619047619,9.30828013602982,0.0007750012204259,0.0051007733385178,0.0012736325104744,TP53/CDKN1A,2
BP,GO:0006261,DNA-templated DNA replication,2/5,171/18860,0.0116959064327485,44.1169590643275,9.22325488921183,0.0008027547180315,0.0052300686174782,0.0013059167661757,BRCA1/BRCA2,2
BP,GO:0010563,negative regulation of phosphorus metabolic process,2/5,174/18860,0.0114942528735632,43.3563218390805,9.14041165714405,0.0008309872813559,0.005306799965095,0.0013250761234753,TP53/CDKN1A,2
BP,GO:0045936,negative regulation of phosphate metabolic process,2/5,174/18860,0.0114942528735632,43.3563218390805,9.14041165714405,0.0008309872813559,0.005306799965095,0.0013250761234753,TP53/CDKN1A,2
BP,GO:0006606,protein import into nucleus,2/5,178/18860,0.0112359550561798,42.3820224719101,9.0331889280909,0.0008693751001762,0.0054975190158206,0.0013726975265941,TP53/CDKN1A,2
BP,GO:0051170,import into nucleus,2/5,184/18860,0.0108695652173913,41.0,8.87887688863354,0.0009285497121887,0.0058147045083667,0.0014518968417464,TP53/CDKN1A,2
BP,GO:0032200,telomere organization,2/5,193/18860,0.0103626943005181,39.0880829015544,8.66087097097192,0.001020888189013,0.0063314700183981,0.0015809300902732,TP53/BRCA2,2
BP,GO:0000724,double-strand break repair via homologous recombination,2/5,195/18860,0.0102564102564103,38.6871794871795,8.61445900549537,0.0010419896147516,0.0064007933477599,0.0015982397098445,BRCA1/BRCA2,2
BP,GO:0009267,cellular response to starvation,2/5,196/18860,0.0102040816326531,38.4897959183673,8.5915161957786,0.0010526195549935,0.0064050906884039,0.0015993127300298,TP53/CDKN1A,2
BP,GO:0000725,recombinational repair,2/5,201/18860,0.0099502487562189,37.5323383084577,8.47934647197952,0.001106560836325,0.0066703900881273,0.0016655563989938,BRCA1/BRCA2,2
BP,GO:0071356,cellular response to tumor necrosis factor,2/5,226/18860,0.0088495575221238,33.3805309734513,7.97473396556637,0.0013959896428326,0.0083371603669171,0.0020817389410662,TP53/BRCA1,2
BP,GO:0001934,positive regulation of protein phosphorylation,2/5,231/18860,0.0086580086580086,32.6580086580087,7.88362351410192,0.0014578047538538,0.0086264593232636,0.0021539751553804,CDKN1A/EGFR,2
BP,GO:0042594,response to starvation,2/5,235/18860,0.0085106382978723,32.1021276595745,7.81280444615775,0.0015081963646685,0.0088378051829106,0.0022067469489764,TP53/CDKN1A,2
BP,GO:0006282,regulation of DNA repair,2/5,236/18860,0.0084745762711864,31.9661016949153,7.7953769350659,0.0015209246128729,0.0088378051829106,0.0022067469489764,BRCA1/EGFR,2
BP,GO:0034612,response to tumor necrosis factor,2/5,244/18860,0.0081967213114754,30.9180327868852,7.65977170379175,0.001624624886263,0.0093560986753538,0.0023361617255473,TP53/BRCA1,2
BP,GO:0042327,positive regulation of phosphorylation,2/5,254/18860,0.0078740157480315,29.7007874015748,7.49920500024237,0.0017589261370101,0.010039888127182,0.002506899850606,CDKN1A/EGFR,2
BP,GO:0031669,cellular response to nutrient levels,2/5,282/18860,0.0070921985815602,26.7517730496454,7.09517767199692,0.0021624693274256,0.012235023826224,0.0030550120692162,TP53/CDKN1A,2
BP,GO:0042113,B cell activation,2/5,291/18860,0.0068728522336769,25.9243986254296,6.97763084104626,0.0023007415045528,0.0129041588733617,0.0032220910773143,TP53/CDKN1A,2
BP,GO:0040029,epigenetic regulation of gene expression,2/5,305/18860,0.0065573770491803,24.7344262295082,6.80501742603264,0.0025240638039463,0.0140346651167705,0.0035043717060234,TP53/BRCA1,2
BP,GO:0046651,lymphocyte proliferation,2/5,312/18860,0.0064102564102564,24.1794871794872,6.72300819905108,0.0026394706161114,0.0144774304851864,0.0036149275630086,TP53/CDKN1A,2
BP,GO:1990144,intrinsic apoptotic signaling pathway in response to hypoxia,1/5,10/18860,0.1,377.2,19.3773408218421,0.002648584181786,0.0144774304851864,0.0036149275630086,TP53,1
BP,GO:0032943,mononuclear cell proliferation,2/5,319/18860,0.006269592476489,23.6489028213166,6.643653856054,0.0027573667476792,0.0146679974549789,0.0036625109924304,TP53/CDKN1A,2
BP,GO:0044092,negative regulation of molecular function,2/5,319/18860,0.006269592476489,23.6489028213166,6.643653856054,0.0027573667476792,0.0146679974549789,0.0036625109924304,TP53/CDKN1A,2
BP,GO:0010562,positive regulation of phosphorus metabolic process,2/5,320/18860,0.00625,23.575,6.63252578878375,0.0027744119217169,0.0146679974549789,0.0036625109924304,CDKN1A/EGFR,2
BP,GO:0045937,positive regulation of phosphate metabolic process,2/5,320/18860,0.00625,23.575,6.63252578878375,0.0027744119217169,0.0146679974549789,0.0036625109924304,CDKN1A/EGFR,2
BP,GO:0006983,ER overload response,1/5,11/18860,0.0909090909090909,342.909090909091,18.4711484070545,0.0029131336289525,0.0148811984384125,0.0037157459993098,TP53,1
BP,GO:0062100,positive regulation of programmed necrotic cell death,1/5,11/18860,0.0909090909090909,342.909090909091,18.4711484070545,0.0029131336289525,0.0148811984384125,0.0037157459993098,TP53,1
BP,GO:0071236,cellular response to antibiotic,1/5,11/18860,0.0909090909090909,342.909090909091,18.4711484070545,0.0029131336289525,0.0148811984384125,0.0037157459993098,TP53,1
BP,GO:1904030,negative regulation of cyclin-dependent protein kinase activity,1/5,11/18860,0.0909090909090909,342.909090909091,18.4711484070545,0.0029131336289525,0.0148811984384125,0.0037157459993098,CDKN1A,1
BP,GO:0043588,skin development,2/5,329/18860,0.0060790273556231,22.9300911854103,6.53461525793455,0.0029300964367106,0.0148811984384125,0.0037157459993098,CDKN1A/EGFR,2
BP,GO:0010826,negative regulation of centrosome duplication,1/5,12/18860,0.0833333333333333,314.333333333333,17.6805450594957,0.0031776269353273,0.015527040706713,0.0038770089402318,BRCA1,1
BP,GO:0046606,negative regulation of centrosome cycle,1/5,12/18860,0.0833333333333333,314.333333333333,17.6805450594957,0.0031776269353273,0.015527040706713,0.0038770089402318,BRCA1,1
BP,GO:0070200,establishment of protein localization to telomere,1/5,12/18860,0.0833333333333333,314.333333333333,17.6805450594957,0.0031776269353273,0.015527040706713,0.0038770089402318,BRCA2,1
BP,GO:1901525,negative regulation of mitophagy,1/5,12/18860,0.0833333333333333,314.333333333333,17.6805450594957,0.0031776269353273,0.015527040706713,0.0038770089402318,TP53,1
BP,GO:1903147,negative regulation of autophagy of mitochondrion,1/5,12/18860,0.0833333333333333,314.333333333333,17.6805450594957,0.0031776269353273,0.015527040706713,0.0038770089402318,TP53,1
BP,GO:0034504,protein localization to nucleus,2/5,345/18860,0.0057971014492753,21.8666666666667,6.36988852166107,0.0032169637071074,0.015601064594619,0.0038954922610799,TP53/CDKN1A,2
BP,GO:0045787,positive regulation of cell cycle,2/5,349/18860,0.0057306590257879,21.6160458452722,6.33044454119655,0.0032906929303859,0.0156946081717894,0.0039188495312668,BRCA2/EGFR,2
BP,GO:0006913,nucleocytoplasmic transport,2/5,350/18860,0.0057142857142857,21.5542857142857,6.32068672868042,0.003309250715292,0.0156946081717894,0.0039188495312668,TP53/CDKN1A,2
BP,GO:0051169,nuclear transport,2/5,350/18860,0.0057142857142857,21.5542857142857,6.32068672868042,0.003309250715292,0.0156946081717894,0.0039188495312668,TP53/CDKN1A,2
BP,GO:0070661,leukocyte proliferation,2/5,356/18860,0.0056179775280898,21.1910112359551,6.26298430873406,0.0034216501469171,0.0159384902128626,0.0039797454142276,TP53/CDKN1A,2
BP,GO:0032780,negative regulation of ATP-dependent activity,1/5,13/18860,0.0769230769230769,290.153846153846,16.982850961743,0.0034420641098458,0.0159384902128626,0.0039797454142276,TP53,1
BP,GO:0060816,random inactivation of X chromosome,1/5,13/18860,0.0769230769230769,290.153846153846,16.982850961743,0.0034420641098458,0.0159384902128626,0.0039797454142276,BRCA1,1
BP,GO:0006310,DNA recombination,2/5,358/18860,0.0055865921787709,21.072625698324,6.24406514262625,0.003459517255505,0.0159384902128626,0.0039797454142276,BRCA1/BRCA2,2
BP,GO:0062012,regulation of small molecule metabolic process,2/5,360/18860,0.0055555555555555,20.9555555555556,6.22529982812029,0.0034975844545264,0.0159995884621952,0.003995001280646,TP53/BRCA1,2
BP,GO:0010639,negative regulation of organelle organization,2/5,367/18860,0.0054495912806539,20.5558583106267,6.16080259520335,0.0036323934133427,0.0163743638981558,0.0040885804592702,TP53/BRCA1,2
BP,GO:0007406,negative regulation of neuroblast proliferation,1/5,14/18860,0.0714285714285714,269.428571428571,16.361165155451,0.003706445161443,0.0163743638981558,0.0040885804592702,TP53,1
BP,GO:0061029,eyelid development in camera-type eye,1/5,14/18860,0.0714285714285714,269.428571428571,16.361165155451,0.003706445161443,0.0163743638981558,0.0040885804592702,EGFR,1
BP,GO:0071493,cellular response to UV-B,1/5,14/18860,0.0714285714285714,269.428571428571,16.361165155451,0.003706445161443,0.0163743638981558,0.0040885804592702,CDKN1A,1
BP,GO:1905208,negative regulation of cardiocyte differentiation,1/5,14/18860,0.0714285714285714,269.428571428571,16.361165155451,0.003706445161443,0.0163743638981558,0.0040885804592702,EGFR,1
BP,GO:0031401,positive regulation of protein modification process,2/5,375/18860,0.0053333333333333,20.1173333333333,6.08925670658659,0.0037894527016633,0.0166271904256655,0.0041517097268491,CDKN1A/EGFR,2
BP,GO:0000722,telomere maintenance via recombination,1/5,15/18860,0.0666666666666667,251.466666666667,15.8026004162771,0.0039707700990525,0.0166308228174604,0.0041526167132948,BRCA2,1
BP,GO:0001833,inner cell mass cell proliferation,1/5,15/18860,0.0666666666666667,251.466666666667,15.8026004162771,0.0039707700990525,0.0166308228174604,0.0041526167132948,BRCA2,1
BP,GO:0033147,negative regulation of intracellular estrogen receptor signaling pathway,1/5,15/18860,0.0666666666666667,251.466666666667,15.8026004162771,0.0039707700990525,0.0166308228174604,0.0041526167132948,BRCA1,1
BP,GO:0070141,response to UV-A,1/5,15/18860,0.0666666666666667,251.466666666667,15.8026004162771,0.0039707700990525,0.0166308228174604,0.0041526167132948,EGFR,1
BP,GO:0070243,regulation of thymocyte apoptotic process,1/5,15/18860,0.0666666666666667,251.466666666667,15.8026004162771,0.0039707700990525,0.0166308228174604,0.0041526167132948,TP53,1
BP,GO:0110025,DNA strand resection involved in replication fork processing,1/5,15/18860,0.0666666666666667,251.466666666667,15.8026004162771,0.0039707700990525,0.0166308228174604,0.0041526167132948,BRCA1,1
BP,GO:1903798,regulation of miRNA processing,1/5,15/18860,0.0666666666666667,251.466666666667,15.8026004162771,0.0039707700990525,0.0166308228174604,0.0041526167132948,TP53,1
BP,GO:0001932,regulation of protein phosphorylation,2/5,387/18860,0.0051679586563307,19.4935400516796,5.9860161421141,0.0040310072506807,0.0167741914625104,0.0041884150041029,CDKN1A/EGFR,2
BP,GO:0009895,negative regulation of catabolic process,2/5,394/18860,0.0050761421319797,19.1472081218274,5.92792334852725,0.004175209946644,0.016966460316069,0.0042364233836941,TP53/EGFR,2
BP,GO:0016032,viral process,2/5,396/18860,0.005050505050505,19.0505050505051,5.91160107157744,0.0042168557165365,0.016966460316069,0.0042364233836941,TP53/EGFR,2
BP,GO:0033599,regulation of mammary gland epithelial cell proliferation,1/5,16/18860,0.0625,235.75,15.2971353206778,0.0042350389316079,0.016966460316069,0.0042364233836941,BRCA2,1
BP,GO:0044027,negative regulation of gene expression via chromosomal CpG island methylation,1/5,16/18860,0.0625,235.75,15.2971353206778,0.0042350389316079,0.016966460316069,0.0042364233836941,BRCA1,1
BP,GO:0070234,positive regulation of T cell apoptotic process,1/5,16/18860,0.0625,235.75,15.2971353206778,0.0042350389316079,0.016966460316069,0.0042364233836941,TP53,1
BP,GO:0070920,regulation of regulatory ncRNA processing,1/5,16/18860,0.0625,235.75,15.2971353206778,0.0042350389316079,0.016966460316069,0.0042364233836941,TP53,1
BP,GO:0008544,epidermis development,2/5,402/18860,0.0049751243781094,18.7661691542289,5.86334653451285,0.0043429776774385,0.0172914851972091,0.0043175801471611,CDKN1A/EGFR,2
BP,GO:2001233,regulation of apoptotic signaling pathway,2/5,406/18860,0.0049261083743842,18.5812807881773,5.83175583735411,0.0044280448521637,0.0173773492568046,0.0043390198878679,TP53/BRCA1,2
BP,GO:0010663,positive regulation of striated muscle cell apoptotic process,1/5,17/18860,0.0588235294117647,221.882352941176,14.8368436673195,0.0044992516680408,0.0173773492568046,0.0043390198878679,TP53,1
BP,GO:0010666,positive regulation of cardiac muscle cell apoptotic process,1/5,17/18860,0.0588235294117647,221.882352941176,14.8368436673195,0.0044992516680408,0.0173773492568046,0.0043390198878679,TP53,1
BP,GO:0034349,glial cell apoptotic process,1/5,17/18860,0.0588235294117647,221.882352941176,14.8368436673195,0.0044992516680408,0.0173773492568046,0.0043390198878679,TP53,1
BP,GO:1902969,mitotic DNA replication,1/5,17/18860,0.0588235294117647,221.882352941176,14.8368436673195,0.0044992516680408,0.0173773492568046,0.0043390198878679,BRCA2,1
BP,GO:0050678,regulation of epithelial cell proliferation,2/5,416/18860,0.0048076923076923,18.1346153846154,5.75472444459297,0.004644155504446,0.017830239883141,0.004452103961029,BRCA2/EGFR,2
BP,GO:0060253,negative regulation of glial cell proliferation,1/5,18/18860,0.0555555555555556,209.555555555556,14.4153629011941,0.0047634083172826,0.0180729315567487,0.004512702616373,TP53,1
BP,GO:0060965,negative regulation of miRNA-mediated gene silencing,1/5,18/18860,0.0555555555555556,209.555555555556,14.4153629011941,0.0047634083172826,0.0180729315567487,0.004512702616373,TP53,1
BP,GO:0042325,regulation of phosphorylation,2/5,431/18860,0.0046403712296983,17.5034802784223,5.64409548826897,0.0049775127112264,0.0186364553616645,0.0046534111306971,CDKN1A/EGFR,2
BP,GO:0060149,negative regulation of post-transcriptional gene silencing,1/5,19/18860,0.0526315789473684,198.526315789474,14.0275185990299,0.0050275088882629,0.0186364553616645,0.0046534111306971,TP53,1
BP,GO:0060967,negative regulation of gene silencing by regulatory ncRNA,1/5,19/18860,0.0526315789473684,198.526315789474,14.0275185990299,0.0050275088882629,0.0186364553616645,0.0046534111306971,TP53,1
BP,GO:1900369,negative regulation of post-transcriptional gene silencing by regulatory ncRNA,1/5,19/18860,0.0526315789473684,198.526315789474,14.0275185990299,0.0050275088882629,0.0186364553616645,0.0046534111306971,TP53,1
BP,GO:0006089,lactate metabolic process,1/5,20/18860,0.05,188.6,13.6690536063751,0.0052915533899111,0.0190673292541492,0.0047609977574619,TP53,1
BP,GO:0006098,pentose-phosphate shunt,1/5,20/18860,0.05,188.6,13.6690536063751,0.0052915533899111,0.0190673292541492,0.0047609977574619,TP53,1
BP,GO:0070230,positive regulation of lymphocyte apoptotic process,1/5,20/18860,0.05,188.6,13.6690536063751,0.0052915533899111,0.0190673292541492,0.0047609977574619,TP53,1
BP,GO:0070314,G1 to G0 transition,1/5,20/18860,0.05,188.6,13.6690536063751,0.0052915533899111,0.0190673292541492,0.0047609977574619,TP53,1
BP,GO:2000774,positive regulation of cellular senescence,1/5,20/18860,0.05,188.6,13.6690536063751,0.0052915533899111,0.0190673292541492,0.0047609977574619,TP53,1
BP,GO:0048732,gland development,2/5,454/18860,0.0044052863436123,16.6167400881057,5.48491199775288,0.005509965362591,0.0195810080934188,0.004889260282812,BRCA2/EGFR,2
BP,GO:0070242,thymocyte apoptotic process,1/5,21/18860,0.0476190476190476,179.619047619048,13.3364290168987,0.005555541831156,0.0195810080934188,0.004889260282812,TP53,1
BP,GO:1900119,positive regulation of execution phase of apoptosis,1/5,21/18860,0.0476190476190476,179.619047619048,13.3364290168987,0.005555541831156,0.0195810080934188,0.004889260282812,TP53,1
BP,GO:2000269,regulation of fibroblast apoptotic process,1/5,21/18860,0.0476190476190476,179.619047619048,13.3364290168987,0.005555541831156,0.0195810080934188,0.004889260282812,TP53,1
BP,GO:0007549,sex-chromosome dosage compensation,1/5,22/18860,0.0454545454545455,171.454545454545,13.0266755080566,0.0058194742209244,0.0198601104364882,0.0049589504639456,BRCA1,1
BP,GO:0009048,dosage compensation by inactivation of X chromosome,1/5,22/18860,0.0454545454545455,171.454545454545,13.0266755080566,0.0058194742209244,0.0198601104364882,0.0049589504639456,BRCA1,1
BP,GO:0032042,mitochondrial DNA metabolic process,1/5,22/18860,0.0454545454545455,171.454545454545,13.0266755080566,0.0058194742209244,0.0198601104364882,0.0049589504639456,TP53,1
BP,GO:0032211,negative regulation of telomere maintenance via telomerase,1/5,22/18860,0.0454545454545455,171.454545454545,13.0266755080566,0.0058194742209244,0.0198601104364882,0.0049589504639456,TP53,1
BP,GO:0033138,positive regulation of peptidyl-serine phosphorylation,1/5,22/18860,0.0454545454545455,171.454545454545,13.0266755080566,0.0058194742209244,0.0198601104364882,0.0049589504639456,EGFR,1
BP,GO:0070199,establishment of protein localization to chromosome,1/5,22/18860,0.0454545454545455,171.454545454545,13.0266755080566,0.0058194742209244,0.0198601104364882,0.0049589504639456,BRCA2,1
BP,GO:0048568,embryonic organ development,2/5,472/18860,0.0042372881355932,15.9830508474576,5.36827888031541,0.0059445424825259,0.0201801573748907,0.0050388642649665,TP53/EGFR,2
BP,GO:0009651,response to salt stress,1/5,23/18860,0.0434782608695652,164.0,12.7372806361339,0.0060833505681424,0.0203303684790253,0.0050763710767701,TP53,1
BP,GO:0010224,response to UV-B,1/5,23/18860,0.0434782608695652,164.0,12.7372806361339,0.0060833505681424,0.0203303684790253,0.0050763710767701,CDKN1A,1
BP,GO:0038128,ERBB2 signaling pathway,1/5,23/18860,0.0434782608695652,164.0,12.7372806361339,0.0060833505681424,0.0203303684790253,0.0050763710767701,EGFR,1
BP,GO:0001832,blastocyst growth,1/5,24/18860,0.0416666666666667,157.166666666667,12.4661022433471,0.0063471708817358,0.0209944883011263,0.0052421978132555,BRCA2,1
BP,GO:0043153,entrainment of circadian clock by photoperiod,1/5,24/18860,0.0416666666666667,157.166666666667,12.4661022433471,0.0063471708817358,0.0209944883011263,0.0052421978132555,TP53,1
BP,GO:0006740,NADPH regeneration,1/5,25/18860,0.04,150.88,12.2113011156486,0.006610935170629,0.0213202659252787,0.0053235425321381,TP53,1
BP,GO:0008156,negative regulation of DNA replication,1/5,25/18860,0.04,150.88,12.2113011156486,0.006610935170629,0.0213202659252787,0.0053235425321381,TP53,1
BP,GO:0046599,regulation of centriole replication,1/5,25/18860,0.04,150.88,12.2113011156486,0.006610935170629,0.0213202659252787,0.0053235425321381,BRCA1,1
BP,GO:0060571,morphogenesis of an epithelial fold,1/5,25/18860,0.04,150.88,12.2113011156486,0.006610935170629,0.0213202659252787,0.0053235425321381,EGFR,1
BP,GO:0090200,positive regulation of release of cytochrome c from mitochondria,1/5,25/18860,0.04,150.88,12.2113011156486,0.006610935170629,0.0213202659252787,0.0053235425321381,TP53,1
BP,GO:0085020,protein K6-linked ubiquitination,1/5,26/18860,0.0384615384615385,145.076923076923,11.9712880295086,0.0068746434437454,0.0220604229911234,0.005508355312349,BRCA1,1
BP,GO:0044346,fibroblast apoptotic process,1/5,27/18860,0.037037037037037,139.703703703704,11.7446816897721,0.0071382957100075,0.0227930729354202,0.0056912936093338,TP53,1
BP,GO:0006312,mitotic recombination,1/5,28/18860,0.0357142857142857,134.714285714286,11.5302750065305,0.0074018919783371,0.0231758268253761,0.0057868649600694,BRCA2,1
BP,GO:0033598,mammary gland epithelial cell proliferation,1/5,28/18860,0.0357142857142857,134.714285714286,11.5302750065305,0.0074018919783371,0.0231758268253761,0.0057868649600694,BRCA2,1
BP,GO:2000178,negative regulation of neural precursor cell proliferation,1/5,28/18860,0.0357142857142857,134.714285714286,11.5302750065305,0.0074018919783371,0.0231758268253761,0.0057868649600694,TP53,1
BP,GO:2000647,negative regulation of stem cell proliferation,1/5,28/18860,0.0357142857142857,134.714285714286,11.5302750065305,0.0074018919783371,0.0231758268253761,0.0057868649600694,TP53,1
BP,GO:0007141,male meiosis I,1/5,29/18860,0.0344827586206897,130.068965517241,11.3270078249979,0.0076654322576547,0.0232122244421938,0.0057959532266922,BRCA2,1
BP,GO:0009648,photoperiodism,1/5,29/18860,0.0344827586206897,130.068965517241,11.3270078249979,0.0076654322576547,0.0232122244421938,0.0057959532266922,TP53,1
BP,GO:0009649,entrainment of circadian clock,1/5,29/18860,0.0344827586206897,130.068965517241,11.3270078249979,0.0076654322576547,0.0232122244421938,0.0057959532266922,TP53,1
BP,GO:0045717,negative regulation of fatty acid biosynthetic process,1/5,29/18860,0.0344827586206897,130.068965517241,11.3270078249979,0.0076654322576547,0.0232122244421938,0.0057959532266922,BRCA1,1
BP,GO:0045980,negative regulation of nucleotide metabolic process,1/5,29/18860,0.0344827586206897,130.068965517241,11.3270078249979,0.0076654322576547,0.0232122244421938,0.0057959532266922,TP53,1
BP,GO:0060333,type II interferon-mediated signaling pathway,1/5,29/18860,0.0344827586206897,130.068965517241,11.3270078249979,0.0076654322576547,0.0232122244421938,0.0057959532266922,TP53,1
BP,GO:1900543,negative regulation of purine nucleotide metabolic process,1/5,29/18860,0.0344827586206897,130.068965517241,11.3270078249979,0.0076654322576547,0.0232122244421938,0.0057959532266922,TP53,1
BP,GO:0042059,negative regulation of epidermal growth factor receptor signaling pathway,1/5,30/18860,0.0333333333333333,125.733333333333,11.1339446980386,0.0079289165568796,0.0235675169547806,0.0058846676361998,EGFR,1
BP,GO:0051156,glucose 6-phosphate metabolic process,1/5,30/18860,0.0333333333333333,125.733333333333,11.1339446980386,0.0079289165568796,0.0235675169547806,0.0058846676361998,TP53,1
BP,GO:0060964,regulation of miRNA-mediated gene silencing,1/5,30/18860,0.0333333333333333,125.733333333333,11.1339446980386,0.0079289165568796,0.0235675169547806,0.0058846676361998,TP53,1
BP,GO:1904357,negative regulation of telomere maintenance via telomere lengthening,1/5,30/18860,0.0333333333333333,125.733333333333,11.1339446980386,0.0079289165568796,0.0235675169547806,0.0058846676361998,TP53,1
BP,GO:0033135,regulation of peptidyl-serine phosphorylation,1/5,31/18860,0.032258064516129,121.677419354839,10.9502566351116,0.0081923448849317,0.0241281390446619,0.006024651609683,EGFR,1
BP,GO:1900368,regulation of post-transcriptional gene silencing by regulatory ncRNA,1/5,31/18860,0.032258064516129,121.677419354839,10.9502566351116,0.0081923448849317,0.0241281390446619,0.006024651609683,TP53,1
BP,GO:0006007,glucose catabolic process,1/5,32/18860,0.03125,117.875,10.775206013347,0.0084557172507279,0.0244571194023296,0.0061067960319158,TP53,1
BP,GO:0010575,positive regulation of vascular endothelial growth factor production,1/5,32/18860,0.03125,117.875,10.775206013347,0.0084557172507279,0.0244571194023296,0.0061067960319158,BRCA1,1
BP,GO:0060147,regulation of post-transcriptional gene silencing,1/5,32/18860,0.03125,117.875,10.775206013347,0.0084557172507279,0.0244571194023296,0.0061067960319158,TP53,1
BP,GO:1902042,negative regulation of extrinsic apoptotic signaling pathway via death domain receptors,1/5,32/18860,0.03125,117.875,10.775206013347,0.0084557172507279,0.0244571194023296,0.0061067960319158,BRCA1,1
BP,GO:0007435,salivary gland morphogenesis,1/5,33/18860,0.0303030303030303,114.30303030303,10.6081340230083,0.0087190336631852,0.0247743467522225,0.0061860057985965,EGFR,1
BP,GO:0060966,regulation of gene silencing by regulatory ncRNA,1/5,33/18860,0.0303030303030303,114.30303030303,10.6081340230083,0.0087190336631852,0.0247743467522225,0.0061860057985965,TP53,1
BP,GO:1905207,regulation of cardiocyte differentiation,1/5,33/18860,0.0303030303030303,114.30303030303,10.6081340230083,0.0087190336631852,0.0247743467522225,0.0061860057985965,EGFR,1
BP,GO:2000108,positive regulation of leukocyte apoptotic process,1/5,33/18860,0.0303030303030303,114.30303030303,10.6081340230083,0.0087190336631852,0.0247743467522225,0.0061860057985965,TP53,1
BP,GO:0043462,regulation of ATP-dependent activity,1/5,34/18860,0.0294117647058824,110.941176470588,10.4484501591317,0.0089822941312196,0.0252994747364047,0.0063171271067644,TP53,1
BP,GO:1901185,negative regulation of ERBB signaling pathway,1/5,34/18860,0.0294117647058824,110.941176470588,10.4484501591317,0.0089822941312196,0.0252994747364047,0.0063171271067644,EGFR,1
BP,GO:0010661,positive regulation of muscle cell apoptotic process,1/5,35/18860,0.0285714285714286,107.771428571429,10.2956233765306,0.0092454986637463,0.0258153534117593,0.0064459389179913,TP53,1
BP,GO:0048147,negative regulation of fibroblast proliferation,1/5,35/18860,0.0285714285714286,107.771428571429,10.2956233765306,0.0092454986637463,0.0258153534117593,0.0064459389179913,TP53,1
BP,GO:0071392,cellular response to estradiol stimulus,1/5,36/18860,0.0277777777777778,104.777777777778,10.1491746056835,0.0095086472696787,0.0264356788316499,0.006600830454904,EGFR,1
BP,GO:0006301,postreplication repair,1/5,37/18860,0.027027027027027,101.945945945946,10.0086703887676,0.0097717399579305,0.0264822364406102,0.0066124556106297,BRCA1,1
BP,GO:0007431,salivary gland development,1/5,37/18860,0.027027027027027,101.945945945946,10.0086703887676,0.0097717399579305,0.0264822364406102,0.0066124556106297,EGFR,1
BP,GO:0046677,response to antibiotic,1/5,37/18860,0.027027027027027,101.945945945946,10.0086703887676,0.0097717399579305,0.0264822364406102,0.0066124556106297,TP53,1
BP,GO:0060218,hematopoietic stem cell differentiation,1/5,37/18860,0.027027027027027,101.945945945946,10.0086703887676,0.0097717399579305,0.0264822364406102,0.0066124556106297,TP53,1
BP,GO:0071425,hematopoietic stem cell proliferation,1/5,37/18860,0.027027027027027,101.945945945946,10.0086703887676,0.0097717399579305,0.0264822364406102,0.0066124556106297,BRCA2,1
BP,GO:1902253,regulation of intrinsic apoptotic signaling pathway by p53 class mediator,1/5,37/18860,0.027027027027027,101.945945945946,10.0086703887676,0.0097717399579305,0.0264822364406102,0.0066124556106297,TP53,1
BP,GO:0001556,oocyte maturation,1/5,38/18860,0.0263157894736842,99.2631578947368,9.87371744293911,0.0100347767374138,0.0268565601478503,0.0067059219953016,BRCA2,1
BP,GO:0008340,determination of adult lifespan,1/5,38/18860,0.0263157894736842,99.2631578947368,9.87371744293911,0.0100347767374138,0.0268565601478503,0.0067059219953016,TP53,1
BP,GO:0033146,regulation of intracellular estrogen receptor signaling pathway,1/5,38/18860,0.0263157894736842,99.2631578947368,9.87371744293911,0.0100347767374138,0.0268565601478503,0.0067059219953016,BRCA1,1
BP,GO:0032205,negative regulation of telomere maintenance,1/5,39/18860,0.0256410256410256,96.7179487179487,9.74395799530398,0.0102977576170393,0.0273335541686846,0.0068250245415075,TP53,1
BP,GO:0043516,"regulation of DNA damage response, signal transduction by p53 class mediator",1/5,39/18860,0.0256410256410256,96.7179487179487,9.74395799530398,0.0102977576170393,0.0273335541686846,0.0068250245415075,TP53,1
BP,GO:0016242,negative regulation of macroautophagy,1/5,40/18860,0.025,94.3,9.61906576337617,0.0105606826057175,0.0278026133905625,0.0069421458160033,TP53,1
BP,GO:1900117,regulation of execution phase of apoptosis,1/5,40/18860,0.025,94.3,9.61906576337617,0.0105606826057175,0.0278026133905625,0.0069421458160033,TP53,1
BP,GO:0033260,nuclear DNA replication,1/5,41/18860,0.024390243902439,92.0,9.49874247805421,0.0108235517123577,0.0282639305849017,0.007057333952656,BRCA2,1
BP,GO:0062098,regulation of programmed necrotic cell death,1/5,41/18860,0.024390243902439,92.0,9.49874247805421,0.0108235517123577,0.0282639305849017,0.007057333952656,TP53,1
BP,GO:0002360,T cell lineage commitment,1/5,42/18860,0.0238095238095238,89.8095238095238,9.38271486464495,0.0110863649458687,0.0287176923296598,0.0071706355388624,TP53,1
BP,GO:0033144,negative regulation of intracellular steroid hormone receptor signaling pathway,1/5,42/18860,0.0238095238095238,89.8095238095238,9.38271486464495,0.0110863649458687,0.0287176923296598,0.0071706355388624,BRCA1,1
BP,GO:0009303,rRNA transcription,1/5,43/18860,0.0232558139534884,87.7209302325581,9.27073201228546,0.0113491223151571,0.0290483487828425,0.0072531984720928,TP53,1
BP,GO:0070232,regulation of T cell apoptotic process,1/5,43/18860,0.0232558139534884,87.7209302325581,9.27073201228546,0.0113491223151571,0.0290483487828425,0.0072531984720928,TP53,1
BP,GO:1904706,negative regulation of vascular associated smooth muscle cell proliferation,1/5,43/18860,0.0232558139534884,87.7209302325581,9.27073201228546,0.0113491223151571,0.0290483487828425,0.0072531984720928,CDKN1A,1
BP,GO:0006739,NADP+ metabolic process,1/5,44/18860,0.0227272727272727,85.7272727272727,9.16256307405538,0.0116118238291297,0.029256353006987,0.0073051358793456,TP53,1
BP,GO:0035196,miRNA processing,1/5,44/18860,0.0227272727272727,85.7272727272727,9.16256307405538,0.0116118238291297,0.029256353006987,0.0073051358793456,TP53,1
BP,GO:0035794,positive regulation of mitochondrial membrane permeability,1/5,44/18860,0.0227272727272727,85.7272727272727,9.16256307405538,0.0116118238291297,0.029256353006987,0.0073051358793456,TP53,1
BP,GO:0060251,regulation of glial cell proliferation,1/5,44/18860,0.0227272727272727,85.7272727272727,9.16256307405538,0.0116118238291297,0.029256353006987,0.0073051358793456,TP53,1
BP,GO:0032210,regulation of telomere maintenance via telomerase,1/5,45/18860,0.0222222222222222,83.8222222222222,9.0579952497443,0.0118744694966922,0.0296861737417306,0.0074124595389388,TP53,1
BP,GO:0090199,regulation of release of cytochrome c from mitochondria,1/5,45/18860,0.0222222222222222,83.8222222222222,9.0579952497443,0.0118744694966922,0.0296861737417306,0.0074124595389388,TP53,1
BP,GO:0007099,centriole replication,1/5,46/18860,0.0217391304347826,82.0,8.95683201111444,0.0121370593267489,0.0301092433298194,0.0075180974777027,BRCA1,1
BP,GO:0044786,cell cycle DNA replication,1/5,46/18860,0.0217391304347826,82.0,8.95683201111444,0.0121370593267489,0.0301092433298194,0.0075180974777027,BRCA2,1
BP,GO:0014014,negative regulation of gliogenesis,1/5,47/18860,0.0212765957446809,80.2553191489362,8.85889153594198,0.0123995933282036,0.0302944609723157,0.0075643452121816,TP53,1
BP,GO:0030890,positive regulation of B cell proliferation,1/5,47/18860,0.0212765957446809,80.2553191489362,8.85889153594198,0.0123995933282036,0.0302944609723157,0.0075643452121816,CDKN1A,1
BP,GO:0071364,cellular response to epidermal growth factor stimulus,1/5,47/18860,0.0212765957446809,80.2553191489362,8.85889153594198,0.0123995933282036,0.0302944609723157,0.0075643452121816,EGFR,1
BP,GO:1902692,regulation of neuroblast proliferation,1/5,47/18860,0.0212765957446809,80.2553191489362,8.85889153594198,0.0123995933282036,0.0302944609723157,0.0075643452121816,TP53,1
BP,GO:0070266,necroptotic process,1/5,48/18860,0.0208333333333333,78.5833333333333,8.76400532241674,0.0126620715099587,0.0308190042412202,0.0076953205204515,TP53,1
BP,GO:0048512,circadian behavior,1/5,49/18860,0.0204081632653061,76.9795918367347,8.67201695985225,0.0129244938809159,0.0308751798266324,0.0077093472272129,TP53,1
BP,GO:1901524,regulation of mitophagy,1/5,49/18860,0.0204081632653061,76.9795918367347,8.67201695985225,0.0129244938809159,0.0308751798266324,0.0077093472272129,TP53,1
BP,GO:1902041,regulation of extrinsic apoptotic signaling pathway via death domain receptors,1/5,49/18860,0.0204081632653061,76.9795918367347,8.67201695985225,0.0129244938809159,0.0308751798266324,0.0077093472272129,BRCA1,1
BP,GO:1902108,regulation of mitochondrial membrane permeability involved in apoptotic process,1/5,49/18860,0.0204081632653061,76.9795918367347,8.67201695985225,0.0129244938809159,0.0308751798266324,0.0077093472272129,TP53,1
BP,GO:1905710,positive regulation of membrane permeability,1/5,49/18860,0.0204081632653061,76.9795918367347,8.67201695985225,0.0129244938809159,0.0308751798266324,0.0077093472272129,TP53,1
BP,GO:0010824,regulation of centrosome duplication,1/5,50/18860,0.02,75.44,8.58278103528412,0.0131868604499762,0.031270312464098,0.0078080094769595,BRCA1,1
BP,GO:0042149,cellular response to glucose starvation,1/5,50/18860,0.02,75.44,8.58278103528412,0.0131868604499762,0.031270312464098,0.0078080094769595,TP53,1
BP,GO:0007622,rhythmic behavior,1/5,51/18860,0.0196078431372549,73.9607843137255,8.49616215855246,0.0134491712260397,0.0314301284086798,0.0078479145598172,TP53,1
BP,GO:0035272,exocrine system development,1/5,51/18860,0.0196078431372549,73.9607843137255,8.49616215855246,0.0134491712260397,0.0314301284086798,0.0078479145598172,EGFR,1
BP,GO:0098534,centriole assembly,1/5,51/18860,0.0196078431372549,73.9607843137255,8.49616215855246,0.0134491712260397,0.0314301284086798,0.0078479145598172,BRCA1,1
BP,GO:1902116,negative regulation of organelle assembly,1/5,51/18860,0.0196078431372549,73.9607843137255,8.49616215855246,0.0134491712260397,0.0314301284086798,0.0078479145598172,BRCA1,1
BP,GO:0010665,regulation of cardiac muscle cell apoptotic process,1/5,52/18860,0.0192307692307692,72.5384615384615,8.41203409098676,0.0137114262180046,0.0316984584609783,0.0079149149645527,TP53,1
BP,GO:0045922,negative regulation of fatty acid metabolic process,1/5,52/18860,0.0192307692307692,72.5384615384615,8.41203409098676,0.0137114262180046,0.0316984584609783,0.0079149149645527,BRCA1,1
BP,GO:0070849,response to epidermal growth factor,1/5,52/18860,0.0192307692307692,72.5384615384615,8.41203409098676,0.0137114262180046,0.0316984584609783,0.0079149149645527,EGFR,1
BP,GO:0021795,cerebral cortex cell migration,1/5,53/18860,0.0188679245283019,71.1698113207547,8.33027896492749,0.0139736254347693,0.032074691834257,0.0080088581813811,EGFR,1
BP,GO:0048546,digestive tract morphogenesis,1/5,53/18860,0.0188679245283019,71.1698113207547,8.33027896492749,0.0139736254347693,0.032074691834257,0.0080088581813811,EGFR,1
BP,GO:1903146,regulation of autophagy of mitochondrion,1/5,54/18860,0.0185185185185185,69.8518518518518,8.2507865830999,0.0142357688852307,0.0324454803214622,0.008101441842813,TP53,1
BP,GO:1904356,regulation of telomere maintenance via telomere lengthening,1/5,54/18860,0.0185185185185185,69.8518518518518,8.2507865830999,0.0142357688852307,0.0324454803214622,0.008101441842813,TP53,1
BP,GO:0006984,ER-nucleus signaling pathway,1/5,55/18860,0.0181818181818182,68.5818181818182,8.1734537883605,0.0144978565782844,0.0326962150104666,0.0081640487908631,TP53,1
BP,GO:0010662,regulation of striated muscle cell apoptotic process,1/5,55/18860,0.0181818181818182,68.5818181818182,8.1734537883605,0.0144978565782844,0.0326962150104666,0.0081640487908631,TP53,1
BP,GO:0019320,hexose catabolic process,1/5,55/18860,0.0181818181818182,68.5818181818182,8.1734537883605,0.0144978565782844,0.0326962150104666,0.0081640487908631,TP53,1
BP,GO:0010659,cardiac muscle cell apoptotic process,1/5,56/18860,0.0178571428571429,67.3571428571429,8.09818389561151,0.0147598885228265,0.0329416197135747,0.0082253248734017,TP53,1
BP,GO:1900087,positive regulation of G1/S transition of mitotic cell cycle,1/5,56/18860,0.0178571428571429,67.3571428571429,8.09818389561151,0.0147598885228265,0.0329416197135747,0.0082253248734017,EGFR,1
BP,GO:2000772,regulation of cellular senescence,1/5,56/18860,0.0178571428571429,67.3571428571429,8.09818389561151,0.0147598885228265,0.0329416197135747,0.0082253248734017,TP53,1
BP,GO:0007140,male meiotic nuclear division,1/5,57/18860,0.0175438596491228,66.1754385964912,8.02488617876356,0.0150218647277499,0.0332958857367653,0.0083137829746635,BRCA2,1
BP,GO:0045815,transcription initiation-coupled chromatin remodeling,1/5,57/18860,0.0175438596491228,66.1754385964912,8.02488617876356,0.0150218647277499,0.0332958857367653,0.0083137829746635,TP53,1
BP,GO:0001836,release of cytochrome c from mitochondria,1/5,59/18860,0.0169491525423729,63.9322033898305,7.88387142179409,0.0155456499543151,0.0336474638272927,0.0084015699152603,TP53,1
BP,GO:0010658,striated muscle cell apoptotic process,1/5,59/18860,0.0169491525423729,63.9322033898305,7.88387142179409,0.0155456499543151,0.0336474638272927,0.0084015699152603,TP53,1
BP,GO:0030520,estrogen receptor signaling pathway,1/5,59/18860,0.0169491525423729,63.9322033898305,7.88387142179409,0.0155456499543151,0.0336474638272927,0.0084015699152603,BRCA1,1
BP,GO:0042304,regulation of fatty acid biosynthetic process,1/5,59/18860,0.0169491525423729,63.9322033898305,7.88387142179409,0.0155456499543151,0.0336474638272927,0.0084015699152603,BRCA1,1
BP,GO:0046365,monosaccharide catabolic process,1/5,59/18860,0.0169491525423729,63.9322033898305,7.88387142179409,0.0155456499543151,0.0336474638272927,0.0084015699152603,TP53,1
BP,GO:0046605,regulation of centrosome cycle,1/5,59/18860,0.0169491525423729,63.9322033898305,7.88387142179409,0.0155456499543151,0.0336474638272927,0.0084015699152603,BRCA1,1
BP,GO:0046902,regulation of mitochondrial membrane permeability,1/5,59/18860,0.0169491525423729,63.9322033898305,7.88387142179409,0.0155456499543151,0.0336474638272927,0.0084015699152603,TP53,1
BP,GO:0007004,telomere maintenance via telomerase,1/5,60/18860,0.0166666666666667,62.8666666666667,7.81599875938629,0.0158074589937404,0.0340942169482853,0.0085131214901471,TP53,1
BP,GO:0009299,mRNA transcription,1/5,61/18860,0.0163934426229508,61.8360655737705,7.74978629885639,0.0160692123291143,0.0340942169482853,0.0085131214901471,TP53,1
BP,GO:0045912,negative regulation of carbohydrate metabolic process,1/5,61/18860,0.0163934426229508,61.8360655737705,7.74978629885639,0.0160692123291143,0.0340942169482853,0.0085131214901471,TP53,1
BP,GO:0070231,T cell apoptotic process,1/5,61/18860,0.0163934426229508,61.8360655737705,7.74978629885639,0.0160692123291143,0.0340942169482853,0.0085131214901471,TP53,1
BP,GO:0097300,programmed necrotic cell death,1/5,61/18860,0.0163934426229508,61.8360655737705,7.74978629885639,0.0160692123291143,0.0340942169482853,0.0085131214901471,TP53,1
BP,GO:0141137,"positive regulation of gene expression, epigenetic",1/5,61/18860,0.0163934426229508,61.8360655737705,7.74978629885639,0.0160692123291143,0.0340942169482853,0.0085131214901471,TP53,1
BP,GO:0010574,regulation of vascular endothelial growth factor production,1/5,62/18860,0.0161290322580645,60.8387096774194,7.68516694787345,0.0163309099693267,0.0345358587875926,0.0086233968086522,BRCA1,1
BP,GO:0002931,response to ischemia,1/5,63/18860,0.0158730158730159,59.8730158730159,7.62207735348561,0.0165925519232663,0.0346349384806043,0.0086481364137616,TP53,1
BP,GO:0014009,glial cell proliferation,1/5,63/18860,0.0158730158730159,59.8730158730159,7.62207735348561,0.0165925519232663,0.0346349384806043,0.0086481364137616,TP53,1
BP,GO:0043616,keratinocyte proliferation,1/5,63/18860,0.0158730158730159,59.8730158730159,7.62207735348561,0.0165925519232663,0.0346349384806043,0.0086481364137616,CDKN1A,1
BP,GO:0070228,regulation of lymphocyte apoptotic process,1/5,63/18860,0.0158730158730159,59.8730158730159,7.62207735348561,0.0165925519232663,0.0346349384806043,0.0086481364137616,TP53,1
BP,GO:0034198,cellular response to amino acid starvation,1/5,64/18860,0.015625,58.9375,7.56045763826652,0.0168541381998202,0.0350674810931742,0.0087561397099235,CDKN1A,1
BP,GO:0010573,vascular endothelial growth factor production,1/5,65/18860,0.0153846153846154,58.0307692307692,7.50025115886915,0.017115668807875,0.0353833537855107,0.008835011226737,BRCA1,1
BP,GO:0060261,positive regulation of transcription initiation by RNA polymerase II,1/5,65/18860,0.0153846153846154,58.0307692307692,7.50025115886915,0.017115668807875,0.0353833537855107,0.008835011226737,TP53,1
BP,GO:0022029,telencephalon cell migration,1/5,66/18860,0.0151515151515152,57.1515151515151,7.44140428477214,0.0173771437563167,0.0356341133576672,0.0088976243879609,EGFR,1
BP,GO:0001756,somitogenesis,1/5,67/18860,0.0149253731343284,56.2985074626866,7.38386619525256,0.0176385630540294,0.0356341133576672,0.0088976243879609,TP53,1
BP,GO:0006278,RNA-templated DNA biosynthetic process,1/5,67/18860,0.0149253731343284,56.2985074626866,7.38386619525256,0.0176385630540294,0.0356341133576672,0.0088976243879609,TP53,1
BP,GO:0048599,oocyte development,1/5,67/18860,0.0149253731343284,56.2985074626866,7.38386619525256,0.0176385630540294,0.0356341133576672,0.0088976243879609,BRCA2,1
BP,GO:0070059,intrinsic apoptotic signaling pathway in response to endoplasmic reticulum stress,1/5,67/18860,0.0149253731343284,56.2985074626866,7.38386619525256,0.0176385630540294,0.0356341133576672,0.0088976243879609,TP53,1
BP,GO:1990928,response to amino acid starvation,1/5,67/18860,0.0149253731343284,56.2985074626866,7.38386619525256,0.0176385630540294,0.0356341133576672,0.0088976243879609,CDKN1A,1
BP,GO:0030888,regulation of B cell proliferation,1/5,68/18860,0.0147058823529412,55.4705882352941,7.32758869283664,0.0178999267098979,0.0356341133576672,0.0088976243879609,CDKN1A,1
BP,GO:0035825,homologous recombination,1/5,68/18860,0.0147058823529412,55.4705882352941,7.32758869283664,0.0178999267098979,0.0356341133576672,0.0088976243879609,BRCA1,1
BP,GO:0043470,regulation of carbohydrate catabolic process,1/5,68/18860,0.0147058823529412,55.4705882352941,7.32758869283664,0.0178999267098979,0.0356341133576672,0.0088976243879609,TP53,1
BP,GO:0051123,RNA polymerase II preinitiation complex assembly,1/5,68/18860,0.0147058823529412,55.4705882352941,7.32758869283664,0.0178999267098979,0.0356341133576672,0.0088976243879609,TP53,1
BP,GO:1903078,positive regulation of protein localization to plasma membrane,1/5,68/18860,0.0147058823529412,55.4705882352941,7.32758869283664,0.0178999267098979,0.0356341133576672,0.0088976243879609,EGFR,1
BP,GO:2001244,positive regulation of intrinsic apoptotic signaling pathway,1/5,68/18860,0.0147058823529412,55.4705882352941,7.32758869283664,0.0178999267098979,0.0356341133576672,0.0088976243879609,TP53,1
BP,GO:0021885,forebrain cell migration,1/5,69/18860,0.0144927536231884,54.6666666666667,7.27252603167083,0.0181612347328038,0.0358226189683746,0.0089446931083823,EGFR,1
BP,GO:0043525,positive regulation of neuron apoptotic process,1/5,69/18860,0.0144927536231884,54.6666666666667,7.27252603167083,0.0181612347328038,0.0358226189683746,0.0089446931083823,TP53,1
BP,GO:0070918,regulatory ncRNA processing,1/5,69/18860,0.0144927536231884,54.6666666666667,7.27252603167083,0.0181612347328038,0.0358226189683746,0.0089446931083823,TP53,1
BP,GO:1902808,positive regulation of cell cycle G1/S phase transition,1/5,70/18860,0.0142857142857143,53.8857142857143,7.2186347594229,0.0184224871316298,0.0362271469509183,0.0090457013194459,EGFR,1
BP,GO:0009994,oocyte differentiation,1/5,71/18860,0.0140845070422535,53.1267605633803,7.1658735714703,0.018683683915256,0.0364077828560124,0.0090908050215747,BRCA2,1
BP,GO:0048662,negative regulation of smooth muscle cell proliferation,1/5,71/18860,0.0140845070422535,53.1267605633803,7.1658735714703,0.018683683915256,0.0364077828560124,0.0090908050215747,CDKN1A,1
BP,GO:0051205,protein insertion into membrane,1/5,71/18860,0.0140845070422535,53.1267605633803,7.1658735714703,0.018683683915256,0.0364077828560124,0.0090908050215747,EGFR,1
BP,GO:0018105,peptidyl-serine phosphorylation,1/5,72/18860,0.0138888888888889,52.3888888888889,7.11420317626269,0.0189448250925629,0.0366949314855948,0.0091625043121925,EGFR,1
BP,GO:0042058,regulation of epidermal growth factor receptor signaling pathway,1/5,72/18860,0.0138888888888889,52.3888888888889,7.11420317626269,0.0189448250925629,0.0366949314855948,0.0091625043121925,EGFR,1
BP,GO:0010833,telomere maintenance via telomere lengthening,1/5,73/18860,0.0136986301369863,51.6712328767123,7.06358617086059,0.0192059106724302,0.0368684892372543,0.0092058406418603,TP53,1
BP,GO:0051055,negative regulation of lipid biosynthetic process,1/5,73/18860,0.0136986301369863,51.6712328767123,7.06358617086059,0.0192059106724302,0.0368684892372543,0.0092058406418603,BRCA1,1
BP,GO:2000144,positive regulation of DNA-templated transcription initiation,1/5,73/18860,0.0136986301369863,51.6712328767123,7.06358617086059,0.0192059106724302,0.0368684892372543,0.0092058406418603,TP53,1
BP,GO:0018209,peptidyl-serine modification,1/5,74/18860,0.0135135135135135,50.972972972973,7.01398692575327,0.0194669406637347,0.0370388694044509,0.0092483835477453,EGFR,1
BP,GO:0060260,regulation of transcription initiation by RNA polymerase II,1/5,74/18860,0.0135135135135135,50.972972972973,7.01398692575327,0.0194669406637347,0.0370388694044509,0.0092483835477453,TP53,1
BP,GO:0061180,mammary gland epithelium development,1/5,74/18860,0.0135135135135135,50.972972972973,7.01398692575327,0.0194669406637347,0.0370388694044509,0.0092483835477453,BRCA2,1
BP,GO:0051865,protein autoubiquitination,1/5,75/18860,0.0133333333333333,50.2933333333333,6.96537147814919,0.019727915075354,0.037315264585347,0.0093173977667206,BRCA1,1
BP,GO:0090559,regulation of membrane permeability,1/5,75/18860,0.0133333333333333,50.2933333333333,6.96537147814919,0.019727915075354,0.037315264585347,0.0093173977667206,TP53,1
BP,GO:0006469,negative regulation of protein kinase activity,1/5,76/18860,0.0131578947368421,49.6315789473684,6.91770743301212,0.0199888339161644,0.0375883319997843,0.0093855810623696,CDKN1A,1
BP,GO:0007405,neuroblast proliferation,1/5,76/18860,0.0131578947368421,49.6315789473684,6.91770743301212,0.0199888339161644,0.0375883319997843,0.0093855810623696,TP53,1
BP,GO:0060411,cardiac septum morphogenesis,1/5,77/18860,0.012987012987013,48.987012987013,6.87096387118703,0.020249697195041,0.0379681822407019,0.0094804273893551,TP53,1
BP,GO:1901184,regulation of ERBB signaling pathway,1/5,78/18860,0.0128205128205128,48.3589743589744,6.82511126402314,0.0205105049208582,0.0383457265911696,0.009574697949325,EGFR,1
BP,GO:0050730,regulation of peptidyl-tyrosine phosphorylation,1/5,79/18860,0.0126582278481013,47.746835443038,6.78012139395801,0.0207712571024894,0.038720985060999,0.0096683977386093,EGFR,1
BP,GO:1904377,positive regulation of protein localization to cell periphery,1/5,80/18860,0.0125,47.15,6.73596728057684,0.0210319537488067,0.0390939774293382,0.0097615316959424,EGFR,1
BP,GO:0070897,transcription preinitiation complex assembly,1/5,82/18860,0.0121951219512195,46.0,6.65006417914343,0.0215531804709853,0.0399477051832917,0.009974702395828,TP53,1
BP,GO:0033143,regulation of intracellular steroid hormone receptor signaling pathway,1/5,83/18860,0.0120481927710843,45.4457831325301,6.60826681865312,0.0218137105645867,0.0401995523261669,0.0100375871169376,BRCA1,1
BP,GO:0033673,negative regulation of kinase activity,1/5,83/18860,0.0120481927710843,45.4457831325301,6.60826681865312,0.0218137105645867,0.0401995523261669,0.0100375871169376,CDKN1A,1
BP,GO:0042246,tissue regeneration,1/5,84/18860,0.0119047619047619,44.9047619047619,6.56720835390718,0.0220741851583544,0.0404484358725527,0.0100997318457782,CDKN1A,1
BP,GO:2000142,regulation of DNA-templated transcription initiation,1/5,84/18860,0.0119047619047619,44.9047619047619,6.56720835390718,0.0220741851583544,0.0404484358725527,0.0100997318457782,TP53,1
BP,GO:0034103,regulation of tissue remodeling,1/5,85/18860,0.0117647058823529,44.3764705882353,6.52686704405847,0.0223346042611563,0.040579773939284,0.0101325261733341,TP53,1
BP,GO:0061053,somite development,1/5,85/18860,0.0117647058823529,44.3764705882353,6.52686704405847,0.0223346042611563,0.040579773939284,0.0101325261733341,TP53,1
BP,GO:0070227,lymphocyte apoptotic process,1/5,85/18860,0.0117647058823529,44.3764705882353,6.52686704405847,0.0223346042611563,0.040579773939284,0.0101325261733341,TP53,1
BP,GO:0008625,extrinsic apoptotic signaling pathway via death domain receptors,1/5,86/18860,0.0116279069767442,43.8604651162791,6.48722203467722,0.0225949678818589,0.0409375120331432,0.0102218512298179,BRCA1,1
BP,GO:0006970,response to osmotic stress,1/5,87/18860,0.0114942528735632,43.3563218390805,6.44825331179681,0.0228552760293282,0.0411778017846836,0.0102818501396272,TP53,1
BP,GO:0050871,positive regulation of B cell activation,1/5,87/18860,0.0114942528735632,43.3563218390805,6.44825331179681,0.0228552760293282,0.0411778017846836,0.0102818501396272,CDKN1A,1
BP,GO:0006140,regulation of nucleotide metabolic process,1/5,89/18860,0.0112359550561798,42.3820224719101,6.37226861620634,0.0233757259400257,0.0417654937155583,0.0104285932900537,TP53,1
BP,GO:0033077,T cell differentiation in thymus,1/5,89/18860,0.0112359550561798,42.3820224719101,6.37226861620634,0.0233757259400257,0.0417654937155583,0.0104285932900537,TP53,1
BP,GO:1900542,regulation of purine nucleotide metabolic process,1/5,89/18860,0.0112359550561798,42.3820224719101,6.37226861620634,0.0233757259400257,0.0417654937155583,0.0104285932900537,TP53,1
BP,GO:0034248,regulation of amide metabolic process,1/5,90/18860,0.0111111111111111,41.9111111111111,6.3352164433532,0.0236358677209804,0.0419976161984362,0.0104865528818617,TP53,1
BP,GO:1905477,positive regulation of protein localization to membrane,1/5,90/18860,0.0111111111111111,41.9111111111111,6.3352164433532,0.0236358677209804,0.0419976161984362,0.0104865528818617,EGFR,1
BP,GO:0001892,embryonic placenta development,1/5,91/18860,0.010989010989011,41.4505494505495,6.29876808315019,0.0238959540641552,0.0423431054158795,0.0105728194673677,EGFR,1
BP,GO:0010660,regulation of muscle cell apoptotic process,1/5,92/18860,0.0108695652173913,41.0,6.26290712838739,0.0241559849784118,0.0426866035919879,0.0106585889017938,TP53,1
BP,GO:0071230,cellular response to amino acid stimulus,1/5,93/18860,0.010752688172043,40.5591397849462,6.22761779026169,0.02441596047261,0.0430281270623864,0.0107438652640475,EGFR,1
BP,GO:0042100,B cell proliferation,1/5,94/18860,0.0106382978723404,40.1276595744681,6.19288486871242,0.0246758805556087,0.0433676919846528,0.0108286525885792,CDKN1A,1
BP,GO:0072091,regulation of stem cell proliferation,1/5,95/18860,0.0105263157894737,39.7052631578947,6.15869372447827,0.0249357452362662,0.043586871754449,0.0108833804625552,TP53,1
BP,GO:1904705,regulation of vascular associated smooth muscle cell proliferation,1/5,95/18860,0.0105263157894737,39.7052631578947,6.15869372447827,0.0249357452362662,0.043586871754449,0.0108833804625552,CDKN1A,1
BP,GO:0032465,regulation of cytokinesis,1/5,96/18860,0.0104166666666667,39.2916666666667,6.12503025275862,0.0251955545234402,0.043685840504352,0.0109080923658358,BRCA2,1
BP,GO:0097194,execution phase of apoptosis,1/5,96/18860,0.0104166666666667,39.2916666666667,6.12503025275862,0.0251955545234402,0.043685840504352,0.0109080923658358,TP53,1
BP,GO:2000177,regulation of neural precursor cell proliferation,1/5,96/18860,0.0104166666666667,39.2916666666667,6.12503025275862,0.0251955545234402,0.043685840504352,0.0109080923658358,TP53,1
BP,GO:1990874,vascular associated smooth muscle cell proliferation,1/5,97/18860,0.0103092783505155,38.8865979381443,6.09188085837153,0.0254553084259866,0.043783130492697,0.0109323850924237,CDKN1A,1
BP,GO:2000106,regulation of leukocyte apoptotic process,1/5,97/18860,0.0103092783505155,38.8865979381443,6.09188085837153,0.0254553084259866,0.043783130492697,0.0109323850924237,TP53,1
BP,GO:2001251,negative regulation of chromosome organization,1/5,97/18860,0.0103092783505155,38.8865979381443,6.09188085837153,0.0254553084259866,0.043783130492697,0.0109323850924237,TP53,1
BP,GO:0000423,mitophagy,1/5,98/18860,0.0102040816326531,38.4897959183673,6.05923243230894,0.0257150069527612,0.044088550849049,0.0110086467236303,TP53,1
BP,GO:0001942,hair follicle development,1/5,99/18860,0.0101010101010101,38.1010101010101,6.02707232959712,0.025974650112618,0.044088550849049,0.0110086467236303,EGFR,1
BP,GO:0006839,mitochondrial transport,1/5,99/18860,0.0101010101010101,38.1010101010101,6.02707232959712,0.025974650112618,0.044088550849049,0.0110086467236303,TP53,1
BP,GO:0010657,muscle cell apoptotic process,1/5,99/18860,0.0101010101010101,38.1010101010101,6.02707232959712,0.025974650112618,0.044088550849049,0.0110086467236303,TP53,1
BP,GO:0051348,negative regulation of transferase activity,1/5,99/18860,0.0101010101010101,38.1010101010101,6.02707232959712,0.025974650112618,0.044088550849049,0.0110086467236303,CDKN1A,1
BP,GO:0051262,protein tetramerization,1/5,100/18860,0.01,37.72,5.99538834837727,0.0262342379144112,0.0444122925322709,0.0110894830802733,TP53,1
BP,GO:0048640,negative regulation of developmental growth,1/5,101/18860,0.0099009900990099,37.3465346534653,5.96416871012769,0.0264937703669925,0.0447342457767282,0.0111698728744829,CDKN1A,1
BP,GO:0022404,molting cycle process,1/5,102/18860,0.0098039215686274,36.9803921568627,5.93340204095455,0.026753247479214,0.0448203756469949,0.0111913789865202,EGFR,1
BP,GO:0022405,hair cycle process,1/5,102/18860,0.0098039215686274,36.9803921568627,5.93340204095455,0.026753247479214,0.0448203756469949,0.0111913789865202,EGFR,1
BP,GO:0071229,cellular response to acid chemical,1/5,102/18860,0.0098039215686274,36.9803921568627,5.93340204095455,0.026753247479214,0.0448203756469949,0.0111913789865202,EGFR,1
BP,GO:0071346,cellular response to type II interferon,1/5,103/18860,0.0097087378640776,36.621359223301,5.90307735388366,0.0270126692599265,0.0450211154332109,0.011241502507191,TP53,1
BP,GO:2001237,negative regulation of extrinsic apoptotic signaling pathway,1/5,103/18860,0.0097087378640776,36.621359223301,5.90307735388366,0.0270126692599265,0.0450211154332109,0.011241502507191,BRCA1,1
BP,GO:0010906,regulation of glucose metabolic process,1/5,105/18860,0.0095238095238095,35.9238095238095,5.84371181301088,0.0275313468622223,0.0455326121182906,0.0113692201617274,TP53,1
BP,GO:0035282,segmentation,1/5,105/18860,0.0095238095238095,35.9238095238095,5.84371181301088,0.0275313468622223,0.0455326121182906,0.0113692201617274,TP53,1
BP,GO:1901992,positive regulation of mitotic cell cycle phase transition,1/5,105/18860,0.0095238095238095,35.9238095238095,5.84371181301088,0.0275313468622223,0.0455326121182906,0.0113692201617274,EGFR,1
BP,GO:0048534,hematopoietic or lymphoid organ development,1/5,106/18860,0.0094339622641509,35.5849056603774,5.81465077327639,0.0277906027015016,0.0458438331009425,0.0114469301745315,TP53,1
BP,GO:0008585,female gonad development,1/5,107/18860,0.0093457943925233,35.2523364485981,5.78599131442725,0.0280498032446651,0.0461533752367576,0.0115242209893495,BRCA2,1
BP,GO:0010507,negative regulation of autophagy,1/5,108/18860,0.0092592592592592,34.9259259259259,5.75772414935292,0.0283089485005591,0.0464612513558794,0.0116010958097912,TP53,1
BP,GO:0014013,regulation of gliogenesis,1/5,110/18860,0.009090909090909,34.2909090909091,5.7023310322366,0.0288270731859162,0.0471915284388729,0.0117834416175399,TP53,1
BP,GO:0021549,cerebellum development,1/5,111/18860,0.009009009009009,33.981981981982,5.67518795004438,0.0290860526330667,0.0472556774517079,0.0117994592413077,TP53,1
BP,GO:0032204,regulation of telomere maintenance,1/5,111/18860,0.009009009009009,33.981981981982,5.67518795004438,0.0290860526330667,0.0472556774517079,0.0117994592413077,TP53,1
BP,GO:0046545,development of primary female sexual characteristics,1/5,111/18860,0.009009009009009,33.981981981982,5.67518795004438,0.0290860526330667,0.0472556774517079,0.0117994592413077,BRCA2,1
BP,GO:0032355,response to estradiol,1/5,113/18860,0.0088495575221238,33.3805309734513,5.62196790694454,0.0296038457805223,0.047976081729741,0.0119793398688704,EGFR,1
BP,GO:0001933,negative regulation of protein phosphorylation,1/5,114/18860,0.0087719298245614,33.0877192982456,5.59587536685128,0.0298626594985089,0.0480334548043347,0.0119936655814985,CDKN1A,1
BP,GO:0003279,cardiac septum development,1/5,114/18860,0.0087719298245614,33.0877192982456,5.59587536685128,0.0298626594985089,0.0480334548043347,0.0119936655814985,TP53,1
BP,GO:0097306,cellular response to alcohol,1/5,114/18860,0.0087719298245614,33.0877192982456,5.59587536685128,0.0298626594985089,0.0480334548043347,0.0119936655814985,BRCA1,1
BP,GO:0019217,regulation of fatty acid metabolic process,1/5,115/18860,0.008695652173913,32.8,5.57011782384919,0.0301214179911208,0.048329140806649,0.0120674966028842,BRCA1,1
BP,GO:0008637,apoptotic mitochondrial changes,1/5,116/18860,0.0086206896551724,32.5172413793103,5.54468806787741,0.0303801212671969,0.0485029163795594,0.0121108873212119,TP53,1
BP,GO:0042752,regulation of circadian rhythm,1/5,116/18860,0.0086206896551724,32.5172413793103,5.54468806787741,0.0303801212671969,0.0485029163795594,0.0121108873212119,TP53,1
BP,GO:0000422,autophagy of mitochondrion,1/5,117/18860,0.0085470085470085,32.2393162393162,5.51957910469544,0.0306387693355742,0.0486748921710477,0.0121538286449128,TP53,1
BP,GO:0090263,positive regulation of canonical Wnt signaling pathway,1/5,117/18860,0.0085470085470085,32.2393162393162,5.51957910469544,0.0306387693355742,0.0486748921710477,0.0121538286449128,EGFR,1
BP,GO:0048477,oogenesis,1/5,118/18860,0.0084745762711864,31.9661016949153,5.49478414764205,0.0308973622050891,0.0489651071800552,0.0122262935920823,BRCA2,1
BP,GO:0010821,regulation of mitochondrion organization,1/5,120/18860,0.0083333333333333,31.4333333333333,5.44611009637634,0.0314143823828746,0.0495848598596709,0.0123810421191834,TP53,1
BP,GO:0007006,mitochondrial membrane organization,1/5,121/18860,0.0082644628099173,31.1735537190083,5.42221839778685,0.031672809708813,0.0495848598596709,0.0123810421191834,TP53,1
BP,GO:0022037,metencephalon development,1/5,121/18860,0.0082644628099173,31.1735537190083,5.42221839778685,0.031672809708813,0.0495848598596709,0.0123810421191834,TP53,1
BP,GO:0140888,interferon-mediated signaling pathway,1/5,121/18860,0.0082644628099173,31.1735537190083,5.42221839778685,0.031672809708813,0.0495848598596709,0.0123810421191834,TP53,1
BP,GO:1903076,regulation of protein localization to plasma membrane,1/5,121/18860,0.0082644628099173,31.1735537190083,5.42221839778685,0.031672809708813,0.0495848598596709,0.0123810421191834,EGFR,1
BP,GO:0018108,peptidyl-tyrosine phosphorylation,1/5,122/18860,0.0081967213114754,30.9180327868852,5.39861548258005,0.0319311818712259,0.0497478558138664,0.0124217412313693,EGFR,1
BP,GO:0045833,negative regulation of lipid metabolic process,1/5,122/18860,0.0081967213114754,30.9180327868852,5.39861548258005,0.0319311818712259,0.0497478558138664,0.0124217412313693,BRCA1,1
BP,GO:0018212,peptidyl-tyrosine modification,1/5,123/18860,0.008130081300813,30.6666666666667,5.37529549102992,0.0321894988789453,0.0499091989829801,0.012462027653033,EGFR,1
BP,GO:1901796,regulation of signal transduction by p53 class mediator,1/5,123/18860,0.008130081300813,30.6666666666667,5.37529549102992,0.0321894988789453,0.0499091989829801,0.012462027653033,TP53,1
CC,GO:0000795,synaptonemal complex,2/5,41/19944,0.048780487804878,194.575609756098,19.6477060908949,4.10715907607613e-05,0.0005544664752702,0.000237782893878,BRCA1/BRCA2,2
CC,GO:0099086,synaptonemal structure,2/5,41/19944,0.048780487804878,194.575609756098,19.6477060908949,4.10715907607613e-05,0.0005544664752702,0.000237782893878,BRCA1/BRCA2,2
CC,GO:0043073,germ cell nucleus,2/5,72/19944,0.0277777777777778,110.8,14.7800655167372,0.0001276251882402,0.0011486266941624,0.0004925884458396,TP53/BRCA1,2
CC,GO:0000794,condensed nuclear chromosome,2/5,83/19944,0.0240963855421687,96.1156626506024,13.7505189362819,0.0001697295486051,0.0013093422320965,0.0005615112886183,BRCA1/BRCA2,2
CC,GO:0000228,nuclear chromosome,2/5,238/19944,0.0084033613445378,33.5193277310924,7.99207145782071,0.0013848812724767,0.009347948589218,0.00400886684138,BRCA1/BRCA2,2
CC,GO:0000793,condensed chromosome,2/5,288/19944,0.0069444444444444,27.7,7.22750654490546,0.0020191541013563,0.0121149246081378,0.005195484237408,BRCA1/BRCA2,2
CC,GO:0000931,gamma-tubulin ring complex,1/5,11/19944,0.0909090909090909,362.618181818182,18.9971664333677,0.0027549572648376,0.0148767692301233,0.0063799010343608,BRCA1,1
CC,GO:0000151,ubiquitin ligase complex,2/5,360/19944,0.0055555555555555,22.16,6.41571071925196,0.0031342273679198,0.0153862070788792,0.006598373406147,BRCA1/BRCA2,2
CC,GO:0001741,XY body,1/5,16/19944,0.0625,249.3,15.733792333751,0.0040052016385914,0.0180234073736614,0.0077293364955272,BRCA1,1
CC,GO:0000930,gamma-tubulin complex,1/5,18/19944,0.0555555555555556,221.6,14.8272379681339,0.0045049481430132,0.0187128615171321,0.0080250088377564,BRCA1,1
CC,GO:0000803,sex chromosome,1/5,35/19944,0.0285714285714286,113.965714285714,10.5921594957782,0.0087446994600268,0.0337295550601037,0.0144649164000445,BRCA1,1
MF,GO:0003697,single-stranded DNA binding,2/5,122/18662,0.0163934426229508,61.1868852459016,10.9183867013163,0.000418463043232,0.009833881515954,0.0024226807766068,TP53/BRCA2,2
MF,GO:0002020,protease binding,2/5,139/18662,0.0143884892086331,53.7035971223022,10.2099484011725,0.0005427648511739,0.0098959604489729,0.0024379745786943,TP53/BRCA2,2
MF,GO:0019903,protein phosphatase binding,2/5,150/18662,0.0133333333333333,49.7653333333333,9.81661387183213,0.0006316570499344,0.0098959604489729,0.0024379745786943,TP53/EGFR,2
MF,GO:0019902,phosphatase binding,2/5,197/18662,0.0101522842639594,37.892385786802,8.52171001199937,0.001085745887941,0.0134077901691557,0.003303150993521,TP53/EGFR,2
MF,GO:0140993,histone modifying activity,2/5,202/18662,0.0099009900990099,36.9544554455446,8.41093166750499,0.0011410885250345,0.0134077901691557,0.003303150993521,BRCA1/BRCA2,2
MF,GO:0019887,protein kinase regulator activity,2/5,274/18662,0.0072992700729927,27.243795620438,7.16417578819407,0.0020859902318307,0.0217870090880104,0.0053674602456464,CDKN1A/EGFR,2
MF,GO:0019207,kinase regulator activity,2/5,308/18662,0.0064935064935064,24.2363636363636,6.73146685527251,0.0026272001349746,0.0217988301764692,0.0053703724958826,CDKN1A/EGFR,2
MF,GO:0001094,TFIID-class transcription factor complex binding,1/5,10/18662,0.1,373.24,19.2748891443525,0.0026766580080597,0.0217988301764692,0.0053703724958826,TP53,1
MF,GO:0097371,MDM2/MDM4 family protein binding,1/5,12/18662,0.0833333333333333,311.033333333333,17.5869750490223,0.0032113011541894,0.0217988301764692,0.0053703724958826,TP53,1
MF,GO:0004861,cyclin-dependent protein serine/threonine kinase inhibitor activity,1/5,13/18662,0.0769230769230769,287.107692307692,16.8929302522687,0.0034785367302876,0.0217988301764692,0.0053703724958826,CDKN1A,1
MF,GO:0140666,annealing activity,1/5,13/18662,0.0769230769230769,287.107692307692,16.8929302522687,0.0034785367302876,0.0217988301764692,0.0053703724958826,TP53,1
MF,GO:0140852,histone ubiquitin ligase activity,1/5,13/18662,0.0769230769230769,287.107692307692,16.8929302522687,0.0034785367302876,0.0217988301764692,0.0053703724958826,BRCA1,1
MF,GO:0015631,tubulin binding,2/5,391/18662,0.0051150895140665,19.0915601023018,5.91854279271989,0.004198998021904,0.0236653270970293,0.0058302037641057,BRCA1/BRCA2,2
MF,GO:0010484,histone H3 acetyltransferase activity,1/5,16/18662,0.0625,233.275,15.2160235926347,0.0042798995813776,0.0236653270970293,0.0058302037641057,BRCA2,1
MF,GO:0140036,ubiquitin-modified protein reader activity,1/5,19/18662,0.0526315789473684,196.442105263158,13.9530318523653,0.0050807468102755,0.0265327888981059,0.0065366333231615,BRCA1,1
MF,GO:0010485,histone H4 acetyltransferase activity,1/5,21/18662,0.0476190476190476,177.733333333333,13.2655440369541,0.0056143586290011,0.0274067555370003,0.0067519442532363,BRCA2,1
MF,GO:0140035,ubiquitin-like protein reader activity,1/5,22/18662,0.0454545454545455,169.654545454545,12.9574036965688,0.0058810786658475,0.0274067555370003,0.0067519442532363,BRCA1,1
MF,GO:0001091,RNA polymerase II general transcription initiation factor binding,1/5,24/18662,0.0416666666666667,155.516666666667,12.3997477601889,0.0064143470405745,0.0274067555370003,0.0067519442532363,TP53,1
MF,GO:0120283,protein serine/threonine kinase binding,1/5,24/18662,0.0416666666666667,155.516666666667,12.3997477601889,0.0064143470405745,0.0274067555370003,0.0067519442532363,CDKN1A,1
MF,GO:0004709,MAP kinase kinase kinase activity,1/5,26/18662,0.0384615384615385,143.553846153846,11.9075061684231,0.0069473865447572,0.0283936667481383,0.0069950802738974,EGFR,1
MF,GO:0097718,disordered domain specific binding,1/5,28/18662,0.0357142857142857,133.3,11.4687838333931,0.0074801972520749,0.0292974392372935,0.0072177341905986,TP53,1
MF,GO:0051721,protein phosphatase 2A binding,1/5,30/18662,0.0333333333333333,124.413333333333,11.074510136481,0.0080127792361898,0.0301280499280737,0.0074223639240495,TP53,1
MF,GO:0071889,14-3-3 protein binding,1/5,32/18662,0.03125,116.6375,10.7176311970137,0.008545132570749,0.0308939408327082,0.0076110492532987,TP53,1
MF,GO:0030332,cyclin binding,1/5,34/18662,0.0294117647058824,109.776470588235,10.3925676477872,0.009077257329384,0.0313665713385404,0.0077274867799315,CDKN1A,1
MF,GO:0043015,gamma-tubulin binding,1/5,35/18662,0.0285714285714286,106.64,10.2405317938384,0.0093432340157354,0.0313665713385404,0.0077274867799315,BRCA2,1
MF,GO:0030296,protein tyrosine kinase activator activity,1/5,38/18662,0.0263157894736842,98.2210526315789,9.82080727845255,0.0101408214133273,0.0328702487190609,0.0080979336149982,EGFR,1
MF,GO:0004402,histone acetyltransferase activity,1/5,42/18662,0.0238095238095238,88.8666666666667,9.33233909954533,0.0112034720767529,0.0335613342686062,0.008268189853408,BRCA2,1
MF,GO:0001046,core promoter sequence-specific DNA binding,1/5,45/18662,0.0222222222222222,82.9422222222222,9.00929272332466,0.0119998609961252,0.0335613342686062,0.008268189853408,TP53,1
MF,GO:0140311,protein sequestering activity,1/5,47/18662,0.0212765957446809,79.4127659574468,8.81121371432653,0.0125305018049222,0.0335613342686062,0.008268189853408,CDKN1A,1
MF,GO:0016538,cyclin-dependent protein serine/threonine kinase regulator activity,1/5,48/18662,0.0208333333333333,77.7583333333333,8.71681548359714,0.0127957366956541,0.0335613342686062,0.008268189853408,CDKN1A,1
MF,GO:0019914,cyclin-dependent protein kinase regulator activity,1/5,48/18662,0.0208333333333333,77.7583333333333,8.71681548359714,0.0127957366956541,0.0335613342686062,0.008268189853408,CDKN1A,1
MF,GO:0061733,protein-lysine-acetyltransferase activity,1/5,49/18662,0.0204081632653061,76.1714285714286,8.62529997096374,0.0130609145895256,0.0335613342686062,0.008268189853408,BRCA2,1
MF,GO:0140693,molecular condensate scaffold activity,1/5,49/18662,0.0204081632653061,76.1714285714286,8.62529997096374,0.0130609145895256,0.0335613342686062,0.008268189853408,TP53,1
MF,GO:0001223,transcription coactivator binding,1/5,51/18662,0.0196078431372549,73.1843137254902,8.45034846484726,0.0135910994234324,0.0335613342686062,0.008268189853408,TP53,1
MF,GO:0030291,protein serine/threonine kinase inhibitor activity,1/5,54/18662,0.0185185185185185,69.1185185185185,8.20623176061514,0.0143859494274707,0.0335613342686062,0.008268189853408,CDKN1A,1
MF,GO:0140296,general transcription initiation factor binding,1/5,54/18662,0.0185185185185185,69.1185185185185,8.20623176061514,0.0143859494274707,0.0335613342686062,0.008268189853408,TP53,1
MF,GO:0034212,protein N-acetyltransferase activity,1/5,55/18662,0.0181818181818182,67.8618181818182,8.1292953233423,0.0146507855330635,0.0335613342686062,0.008268189853408,BRCA2,1
MF,GO:0140186,protein N-acyltransferase activity,1/5,55/18662,0.0181818181818182,67.8618181818182,8.1292953233423,0.0146507855330635,0.0335613342686062,0.008268189853408,BRCA2,1
MF,GO:0001098,basal transcription machinery binding,1/5,59/18662,0.0169491525423729,63.2610169491525,7.84119538511199,0.0157095607214752,0.0335613342686062,0.008268189853408,TP53,1
MF,GO:0001099,basal RNA polymerase II transcription machinery binding,1/5,59/18662,0.0169491525423729,63.2610169491525,7.84119538511199,0.0157095607214752,0.0335613342686062,0.008268189853408,TP53,1
MF,GO:0004714,transmembrane receptor protein tyrosine kinase activity,1/5,61/18662,0.0163934426229508,61.1868852459016,7.70779565828765,0.0162386069037985,0.0337236130296942,0.0083081689434857,EGFR,1
MF,GO:0005507,copper ion binding,1/5,62/18662,0.0161290322580645,60.2,7.64350637621567,0.0165030446741057,0.0337236130296942,0.0083081689434857,TP53,1
MF,GO:0008080,N-acetyltransferase activity,1/5,68/18662,0.0147058823529412,54.8882352941176,7.28775153580139,0.0180884773818699,0.0361769547637398,0.0089125756416828,BRCA2,1
MF,GO:1990841,promoter-specific chromatin binding,1/5,73/18662,0.0136986301369863,51.1287671232877,7.02509162332173,0.0194081088547238,0.0374788603336875,0.0092333138560036,TP53,1
MF,GO:0003684,damaged DNA binding,1/5,74/18662,0.0135135135135135,50.4378378378378,6.9757442445103,0.0196718648101664,0.0374788603336875,0.0092333138560036,BRCA1,1
MF,GO:0140313,molecular sequestering activity,1/5,75/18662,0.0133333333333333,49.7653333333333,6.92737554657831,0.0199355640072806,0.0374788603336875,0.0092333138560036,CDKN1A,1
MF,GO:0019199,transmembrane receptor protein kinase activity,1/5,79/18662,0.0126582278481013,47.2455696202532,6.74306456667562,0.0209897933956485,0.0379131069034489,0.0093402950937948,EGFR,1
MF,GO:0001618,virus receptor activity,1/5,81/18662,0.0123456790123457,46.079012345679,6.65600919064903,0.021516567777996,0.0379131069034489,0.0093402950937948,EGFR,1
MF,GO:0030971,receptor tyrosine kinase binding,1/5,81/18662,0.0123456790123457,46.079012345679,6.65600919064903,0.021516567777996,0.0379131069034489,0.0093402950937948,TP53,1
MF,GO:0140272,exogenous protein binding,1/5,82/18662,0.0121951219512195,45.5170731707317,6.61366552746741,0.0217798699232579,0.0379131069034489,0.0093402950937948,EGFR,1
MF,GO:0051117,ATPase binding,1/5,89/18662,0.0112359550561798,41.9370786516854,6.33727238528078,0.0236213982706642,0.0398875717611903,0.0098267254058923,EGFR,1
MF,GO:0004860,protein kinase inhibitor activity,1/5,91/18662,0.010989010989011,41.0153846153846,6.26414207930526,0.0241470395006753,0.0398875717611903,0.0098267254058923,CDKN1A,1
MF,GO:0016410,N-acyltransferase activity,1/5,93/18662,0.010752688172043,40.1333333333333,6.19334982237707,0.0246724543197789,0.0398875717611903,0.0098267254058923,BRCA2,1
MF,GO:0016407,acetyltransferase activity,1/5,95/18662,0.0105263157894737,39.2884210526316,6.12477224828939,0.0251976428011251,0.0398875717611903,0.0098267254058923,BRCA2,1
MF,GO:0042562,hormone binding,1/5,95/18662,0.0105263157894737,39.2884210526316,6.12477224828939,0.0251976428011251,0.0398875717611903,0.0098267254058923,EGFR,1
MF,GO:0019210,kinase inhibitor activity,1/5,96/18662,0.0104166666666667,38.8791666666667,6.091277882493,0.0254601521879938,0.0398875717611903,0.0098267254058923,CDKN1A,1
MF,GO:0140566,histone reader activity,1/5,101/18662,0.0099009900990099,36.9544554455446,5.93122323255497,0.0267718509498789,0.0412549834309609,0.0101636017411102,BRCA1,1
MF,GO:1990782,protein tyrosine kinase binding,1/5,118/18662,0.0084745762711864,31.6305084745763,5.46418070577576,0.0312210659511967,0.046973555915838,0.0115724325884483,TP53,1
MF,GO:0008094,"ATP-dependent activity, acting on DNA",1/5,119/18662,0.0084033613445378,31.3647058823529,5.43981478665868,0.0314822768372106,0.046973555915838,0.0115724325884483,TP53,1
MF,GO:0140463,chromatin-protein adaptor activity,1/5,121/18662,0.0082644628099173,30.8462809917355,5.39197518026197,0.0320045295771738,0.047006652816474,0.0115805863601616,BRCA1,1
MF,GO:0001221,transcription coregulator binding,1/5,127/18662,0.0078740157480315,29.3889763779528,5.25517099162771,0.0335699361968184,0.0485472923461681,0.0119601392118219,TP53,1
MF,GO:0042826,histone deacetylase binding,1/5,134/18662,0.0074626865671641,27.8537313432836,5.10709951840008,0.0353936835836954,0.0496461666783075,0.0122308585321698,TP53,1
MF,GO:0051087,protein-folding chaperone binding,1/5,135/18662,0.0074074074074074,27.6474074074074,5.08687245045007,0.0356539940101893,0.0496461666783075,0.0122308585321698,TP53,1
MF,GO:0019838,growth factor binding,1/5,136/18662,0.0073529411764705,27.4441176470588,5.06686411977701,0.0359142482353714,0.0496461666783075,0.0122308585321698,EGFR,1
