GO_ID,Name,Namespace,Enrichment,Study_Count,Study_Total,Population_Count,Population_Total,P_Value,FDR
GO:0005886,plasma membrane,CC,e,1196,3765,4446,20413,1.0707232556200216e-56,2.1942331677421104e-52
GO:0016070,RNA metabolic process,BP,p,50,3765,1195,20413,1.1439027100916229e-51,1.1720999118953815e-47
GO:0090304,nucleic acid metabolic process,BP,p,123,3765,1742,20413,3.05374644739909e-45,2.0860141982183182e-41
GO:0006396,RNA processing,BP,p,20,3765,789,20413,5.636569383871135e-45,2.8877554095917797e-41
GO:0043170,macromolecule metabolic process,BP,p,496,3765,4325,20413,6.795224233892718e-44,2.785090604503269e-40
GO:0006139,nucleobase-containing compound metabolic process,BP,p,198,3765,2255,20413,1.2741131411631628e-41,4.351733433642783e-38
GO:0003723,RNA binding,MF,p,111,3765,1578,20413,4.1336567441407525e-41,1.2101575379668064e-37
GO:1902494,catalytic complex,CC,p,151,3765,1847,20413,1.744332385713411e-38,4.4683254475531166e-35
GO:0005576,extracellular region,CC,e,648,3765,2241,20413,6.904309775581543e-38,1.572111335899917e-34
GO:0032501,multicellular organismal process,BP,e,656,3765,2308,20413,8.204738576844857e-36,1.6813970765528162e-32
GO:0043231,intracellular membrane-bounded organelle,CC,p,1408,3765,9492,20413,1.278820812898524e-35,2.3824431744299504e-32
GO:0032502,developmental process,BP,e,933,3765,3585,20413,1.5701033990910804e-35,2.6813440797977924e-32
GO:0160108,animal gross anatomical part developmental process,BP,e,539,3765,1823,20413,6.785439268148759e-34,1.0696462070936347e-30
GO:0060089,molecular transducer activity,MF,e,338,3765,1008,20413,8.359416600290268e-32,1.1420634959316562e-28
GO:0038023,signaling receptor activity,MF,e,338,3765,1008,20413,8.359416600290268e-32,1.1420634959316562e-28
GO:0140513,nuclear protein-containing complex,CC,p,101,3765,1339,20413,2.0146246052798685e-31,2.580356377250022e-28
GO:1990904,ribonucleoprotein complex,CC,p,28,3765,699,20413,4.214682127753248e-31,5.0806753437674875e-28
GO:0048856,anatomical structure development,BP,e,599,3765,2131,20413,6.178637568868261e-31,7.034378872156513e-28
GO:0043229,intracellular organelle,CC,p,1612,3765,10469,20413,1.03846427639532e-30,1.1200657061141732e-27
GO:0044238,primary metabolic process,BP,p,771,3765,5692,20413,1.654063785417919e-30,1.694836457728471e-27
GO:0140535,intracellular protein-containing complex,CC,p,55,3765,936,20413,3.8063705510903255e-30,3.714473890642573e-27
GO:0005654,nucleoplasm,CC,p,414,3765,3464,20413,1.804779990542476e-29,1.6811525611903163e-26
GO:0003676,nucleic acid binding,MF,p,413,3765,3453,20413,2.6840172831360786e-29,2.3914593992742462e-26
GO:0005634,nucleus,CC,p,806,3765,5850,20413,9.691522579097527e-29,8.275348842226903e-26
GO:0008152,metabolic process,BP,p,893,3765,6353,20413,1.6790573532652847e-28,1.376356893618619e-25
GO:0140098,"catalytic activity, acting on RNA",MF,p,8,3765,421,20413,6.940323183358049e-27,5.267705296168759e-24
GO:0004888,transmembrane signaling receptor activity,MF,e,257,3765,749,20413,7.423814719610226e-26,5.433436966034727e-23
GO:0016071,mRNA metabolic process,BP,p,16,3765,495,20413,3.0103252503376483e-25,2.0563531785056477e-22
GO:0043412,macromolecule modification,BP,p,147,3765,1536,20413,1.6256521900981418e-23,1.041077822865038e-20
GO:0007155,cell adhesion,BP,e,249,3765,743,20413,1.6117616521169396e-23,1.041077822865038e-20
GO:0098590,plasma membrane region,CC,e,368,3765,1238,20413,2.2879189146544028e-23,1.4207976460003843e-20
GO:0140640,"catalytic activity, acting on a nucleic acid",MF,p,36,3765,655,20413,1.080813178735387e-22,6.514442491713024e-20
GO:0007165,signal transduction,BP,e,875,3765,3602,20413,3.4403527696909523e-22,2.0143756945507624e-19
GO:0006397,mRNA processing,BP,p,5,3765,322,20413,5.608412559173072e-22,3.1925888493092714e-19
GO:1990234,transferase complex,CC,p,71,3765,936,20413,7.523460640972022e-22,4.1669805112280983e-19
GO:0043687,post-translational protein modification,BP,p,52,3765,764,20413,8.383342182241968e-21,4.5210481931759115e-18
GO:0070647,protein modification by small protein conjugation or removal,BP,p,47,3765,715,20413,1.9939248856715726e-20,1.0477308380017318e-17
GO:0051239,regulation of multicellular organismal process,BP,e,628,3765,2467,20413,2.767800771104046e-20,1.4180135300558803e-17
GO:0003008,system process,BP,e,317,3765,1066,20413,3.2941533865637414e-20,1.6465142768500182e-17
GO:0009653,anatomical structure morphogenesis,BP,e,277,3765,899,20413,5.063501446787544e-20,2.4706270273575512e-17
GO:0005102,signaling receptor binding,MF,e,340,3765,1168,20413,6.776727328474107e-20,3.229662166102788e-17
GO:0010496,intercellular transport,BP,p,49,3765,716,20413,2.1785115627836945e-19,1.0146417603665056e-16
GO:0032991,protein-containing complex,CC,p,815,3765,5587,20413,6.826737931603357e-19,3.1088964540521687e-16
GO:0009057,macromolecule catabolic process,BP,p,92,3765,1029,20413,3.4444306836663393e-18,1.534493869573354e-15
GO:0043227,membrane-bounded organelle,CC,p,1728,3765,10674,20413,3.9249912982902116e-18,1.7113797165076874e-15
GO:0046907,intracellular transport,BP,p,109,3765,1151,20413,4.2912454691465076e-18,1.8320936124837367e-15
GO:0009888,tissue development,BP,e,153,3765,425,20413,4.993842361254182e-18,2.0885471736567743e-15
GO:0048513,animal organ development,BP,e,249,3765,810,20413,5.5490569829388116e-18,2.274336495027301e-15
GO:0032446,protein modification by small protein conjugation,BP,p,43,3765,628,20413,3.675995054233653e-17,1.4771013067923578e-14
GO:0016020,membrane,CC,e,1707,3765,8015,20413,4.5610066337972243e-17,1.7974751720462794e-14
GO:0098609,cell-cell adhesion,BP,e,170,3765,500,20413,5.324779948517045e-17,2.0588814242445244e-14
GO:2000026,regulation of multicellular organismal development,BP,e,324,3765,1146,20413,5.712895872366853e-17,2.168043983563221e-14
GO:0007166,cell surface receptor signaling pathway,BP,e,410,3765,1531,20413,5.925053339288488e-17,2.2076748742188904e-14
GO:0050793,regulation of developmental process,BP,e,494,3765,1921,20413,1.1675457086780408e-16,4.2725918228462664e-14
GO:0005509,calcium ion binding,MF,e,205,3765,646,20413,1.571758904237475e-16,5.6508868814979975e-14
GO:0048869,cellular developmental process,BP,e,451,3765,1726,20413,1.6666758098648986e-16,5.888825408889892e-14
GO:0007186,G protein-coupled receptor signaling pathway,BP,e,201,3765,631,20413,1.7894172217587963e-16,6.111754520917168e-14
GO:0036211,protein modification process,BP,p,141,3765,1342,20413,1.7702982088118492e-16,6.111754520917168e-14
GO:0043226,organelle,CC,p,1898,3765,11521,20413,1.827707230446456e-16,6.140197421891677e-14
GO:0008380,RNA splicing,BP,p,7,3765,278,20413,2.484996397219576e-16,8.213714704551741e-14
GO:0071826,protein-RNA complex organization,BP,p,3,3765,223,20413,4.728892043210107e-16,1.5142060100235115e-13
GO:0016072,rRNA metabolic process,BP,p,4,3765,238,20413,4.695632362162346e-16,1.5142060100235115e-13
GO:0009986,cell surface,CC,e,203,3765,646,20413,6.285673106462967e-16,1.9817276764730093e-13
GO:0005829,cytosol,CC,p,698,3765,4791,20413,7.664573529629475e-16,2.3798500809499523e-13
GO:0003013,circulatory system process,BP,e,105,3765,267,20413,9.925271520599926e-16,3.0357998398754373e-13
GO:0019538,protein metabolic process,BP,p,343,3765,2641,20413,1.1703782319752697e-15,3.527141339392529e-13
GO:0000375,"RNA splicing, via transesterification reactions",BP,p,4,3765,230,20413,1.6096498344085433e-15,4.712364865219183e-13
GO:0040012,regulation of locomotion,BP,e,268,3765,925,20413,1.6876113522827678e-15,4.871016822863487e-13
GO:0051240,positive regulation of multicellular organismal process,BP,e,376,3765,1408,20413,2.555553574523562e-15,7.273744361487689e-13
GO:0022618,protein-RNA complex assembly,BP,p,3,3765,214,20413,2.6072257690183237e-15,7.279132423729596e-13
GO:0004930,G protein-coupled receptor activity,MF,e,120,3765,325,20413,2.6284867972282733e-15,7.279132423729596e-13
GO:0005681,spliceosomal complex,CC,p,2,3765,198,20413,3.713834387539304e-15,1.0014158961031966e-12
GO:0016567,protein ubiquitination,BP,p,39,3765,559,20413,4.5724498836714955e-15,1.2013232752061534e-12
GO:0030334,regulation of cell migration,BP,e,249,3765,850,20413,4.551697654113257e-15,1.2013232752061534e-12
GO:0006399,tRNA metabolic process,BP,p,2,3765,196,20413,5.705188606613042e-15,1.4799548115863426e-12
GO:0051094,positive regulation of developmental process,BP,e,294,3765,1051,20413,7.935279620480189e-15,1.9831425032012255e-12
GO:0005739,mitochondrion,CC,p,175,3765,1534,20413,7.91867703505372e-15,1.9831425032012255e-12
GO:0030154,cell differentiation,BP,e,359,3765,1341,20413,8.29335502747006e-15,2.0476593322643848e-12
GO:0006364,rRNA processing,BP,p,2,3765,194,20413,8.786292134084444e-15,2.1435414845689586e-12
GO:0005911,cell-cell junction,CC,e,168,3765,517,20413,9.189175154731283e-15,2.215456075834214e-12
GO:0030545,signaling receptor regulator activity,MF,e,151,3765,450,20413,9.734033547735958e-15,2.319529645276198e-12
GO:0042127,regulation of cell population proliferation,BP,e,341,3765,1264,20413,1.2064261747106766e-14,2.8417576549822866e-12
GO:0000377,"RNA splicing, via transesterification reactions with bulged adenosine as nucleophile",BP,p,4,3765,220,20413,1.3295351548519212e-14,3.06136673352589e-12
GO:0000398,"mRNA splicing, via spliceosome",BP,p,4,3765,220,20413,1.3295351548519212e-14,3.06136673352589e-12
GO:0007167,enzyme-linked receptor protein signaling pathway,BP,e,166,3765,512,20413,1.730141822917112e-14,3.8962413601143275e-12
GO:2000145,regulation of cell motility,BP,e,257,3765,895,20413,2.1555427292259e-14,4.801471429350692e-12
GO:0009719,response to endogenous stimulus,BP,e,225,3765,762,20413,3.331998045028527e-14,7.342218917932215e-12
GO:0140101,"catalytic activity, acting on a tRNA",MF,p,0,3765,155,20413,3.4306919073454e-14,7.479273325237158e-12
GO:0005730,nucleolus,CC,p,75,3765,822,20413,4.5063534382472344e-14,9.619656355208391e-12
GO:0030054,cell junction,CC,e,463,3765,1837,20413,4.998590959933478e-14,1.0560425210506882e-11
GO:0048731,system development,BP,e,193,3765,631,20413,7.210885418641178e-14,1.507884437594017e-11
GO:0051649,establishment of localization in cell,BP,p,155,3765,1372,20413,1.1464140981940138e-13,2.373077183261608e-11
GO:0006325,chromatin organization,BP,p,61,3765,707,20413,1.1953516490897986e-13,2.449634134479724e-11
GO:0009725,response to hormone,BP,e,167,3765,527,20413,1.6017287549341592e-13,3.249923502461952e-11
GO:0051641,cellular localization,BP,p,168,3765,1450,20413,2.211683713339369e-13,4.443532778182714e-11
GO:0006401,RNA catabolic process,BP,p,5,3765,214,20413,4.654343240949542e-13,9.260335537551355e-11
GO:0034330,cell junction organization,BP,e,135,3765,405,20413,4.805378523757276e-13,9.468905969938256e-11
GO:1901700,response to oxygen-containing compound,BP,e,306,3765,1138,20413,6.138976738118965e-13,1.1981528599454468e-10
GO:0044391,ribosomal subunit,CC,p,2,3765,172,20413,6.4655800927876e-13,1.2499918192593987e-10
GO:0016477,cell migration,BP,e,195,3765,654,20413,6.799925659754695e-13,1.302344640610775e-10
GO:0007154,cell communication,BP,e,160,3765,510,20413,9.835584173796356e-13,1.8663020969778583e-10
GO:0033365,protein localization to organelle,BP,p,44,3765,557,20413,1.2029735637894137e-12,2.2617006644712339e-10
GO:0051169,nuclear transport,BP,p,5,3765,206,20413,1.5049617910649468e-12,2.803743816753996e-10
GO:0043632,modification-dependent macromolecule catabolic process,BP,p,45,3765,562,20413,2.1516866505798162e-12,3.937010225922516e-10
GO:0009059,macromolecule biosynthetic process,BP,p,122,3765,1115,20413,2.199286324763816e-12,3.9884933321579536e-10
GO:0030163,protein catabolic process,BP,p,70,3765,750,20413,2.3664198582717474e-12,4.1515419511900325e-10
GO:0006511,ubiquitin-dependent protein catabolic process,BP,p,43,3765,546,20413,2.3295669554023453e-12,4.1515419511900325e-10
GO:0006913,nucleocytoplasmic transport,BP,p,5,3765,205,20413,2.3702259712547396e-12,4.1515419511900325e-10
GO:0141188,nucleic acid catabolic process,BP,p,8,3765,237,20413,2.5236222375158358e-12,4.3827619079162735e-10
GO:0070161,anchoring junction,CC,e,240,3765,858,20413,3.117841320474125e-12,5.324493515039687e-10
GO:0048870,cell motility,BP,e,233,3765,829,20413,3.674867256957576e-12,6.223888817919967e-10
GO:0019941,modification-dependent protein catabolic process,BP,p,45,3765,556,20413,3.846503942720499e-12,6.46118076214518e-10
GO:0065008,regulation of biological quality,BP,e,538,3765,2245,20413,3.969296869944461e-12,6.613235833802589e-10
GO:0071495,cellular response to endogenous stimulus,BP,e,157,3765,505,20413,4.060477175297983e-12,6.710593447853352e-10
GO:0048018,receptor ligand activity,MF,e,132,3765,403,20413,4.680809148429199e-12,7.673905750300767e-10
GO:0008033,tRNA processing,BP,p,0,3765,128,20413,6.8005045051126545e-12,1.1060534827243941e-09
GO:0030546,signaling receptor activator activity,MF,e,133,3765,412,20413,9.020860072606664e-12,1.4556258698262076e-09
GO:0045597,positive regulation of cell differentiation,BP,e,199,3765,689,20413,1.070090559869613e-11,1.7132317065162483e-09
GO:0030335,positive regulation of cell migration,BP,e,156,3765,507,20413,1.079537420448086e-11,1.7149581672281103e-09
GO:0033993,response to lipid,BP,e,187,3765,639,20413,1.5452363521343153e-11,2.4172922568159173e-09
GO:0044057,regulation of system process,BP,e,143,3765,458,20413,2.7513862619105194e-11,4.239410425964833e-09
GO:0072594,establishment of protein localization to organelle,BP,p,11,3765,254,20413,2.7795429397906718e-11,4.2508338406813615e-09
GO:0048646,anatomical structure formation involved in morphogenesis,BP,e,140,3765,446,20413,3.475768610486453e-11,5.237421039316094e-09
GO:0035770,ribonucleoprotein granule,CC,p,63,3765,672,20413,3.6091481843880746e-11,5.398706112603271e-09
GO:0045595,regulation of cell differentiation,BP,e,319,3765,1235,20413,3.751444525848002e-11,5.570895120884282e-09
GO:0022603,regulation of anatomical structure morphogenesis,BP,e,192,3765,668,20413,4.289851217670694e-11,6.279422928837538e-09
GO:0040017,positive regulation of locomotion,BP,e,162,3765,539,20413,4.260041204496583e-11,6.279422928837538e-09
GO:0098798,mitochondrial protein-containing complex,CC,p,4,3765,175,20413,5.191035450803407e-11,7.544673013710228e-09
GO:0005743,mitochondrial inner membrane,CC,p,38,3765,477,20413,7.429974988132794e-11,1.0722709678296152e-08
GO:0006412,translation,BP,p,9,3765,227,20413,7.537760572932348e-11,1.0802190728748432e-08
GO:0009451,RNA modification,BP,p,4,3765,173,20413,7.863213209403403e-11,1.1190335298632218e-08
GO:2000147,positive regulation of cell motility,BP,e,158,3765,526,20413,7.992585805282389e-11,1.1296004200527723e-08
GO:0043235,signaling receptor complex,CC,e,135,3765,431,20413,9.058845612453528e-11,1.27152687079459e-08
GO:0032870,cellular response to hormone stimulus,BP,e,101,3765,295,20413,9.802359326745957e-11,1.3665289094081968e-08
GO:0140392,extracellular protein-containing complex,CC,e,59,3765,141,20413,1.0213528342173754e-10,1.4096609202786968e-08
GO:0006338,chromatin remodeling,BP,p,53,3765,589,20413,1.024932792277977e-10,1.4096609202786968e-08
GO:0023052,signaling,BP,e,146,3765,480,20413,1.2599166763158808e-10,1.7212981631827565e-08
GO:0001525,angiogenesis,BP,e,68,3765,172,20413,1.2860712418849782e-10,1.7453945668840304e-08
GO:0019866,organelle inner membrane,CC,p,45,3765,528,20413,1.3004305639760794e-10,1.7532712860238022e-08
GO:0051168,nuclear export,BP,p,1,3765,129,20413,1.5411266023270794e-10,2.0642031020580942e-08
GO:0030155,regulation of cell adhesion,BP,e,194,3765,687,20413,1.614130524478703e-10,2.1479465479313025e-08
GO:0006886,intracellular protein transport,BP,p,39,3765,478,20413,1.7468047370525126e-10,2.3095012565430415e-08
GO:0034329,cell junction assembly,BP,e,84,3765,233,20413,2.2237276508580263e-10,2.921208381348304e-08
GO:0060429,epithelium development,BP,e,60,3765,147,20413,2.6532117822729017e-10,3.4632018505808015e-08
GO:0007267,cell-cell signaling,BP,e,139,3765,458,20413,4.997737132117188e-10,6.482191585346679e-08
GO:0019219,regulation of nucleobase-containing compound metabolic process,BP,p,499,3765,3387,20413,5.070049338760149e-10,6.534623968503882e-08
GO:1901701,cellular response to oxygen-containing compound,BP,e,205,3765,743,20413,5.407886284905547e-10,6.926488352285585e-08
GO:0008284,positive regulation of cell population proliferation,BP,e,197,3765,709,20413,5.67510166379011e-10,7.223593689195697e-08
GO:0034655,nucleobase-containing compound catabolic process,BP,p,26,3765,364,20413,7.986611342259317e-10,1.0103063347958041e-07
GO:0003735,structural constituent of ribosome,MF,p,4,3765,159,20413,8.983904611704674e-10,1.129491762010208e-07
GO:0098552,side of membrane,CC,e,169,3765,591,20413,9.266172443014411e-10,1.157876048016429e-07
GO:0010817,regulation of hormone levels,BP,e,131,3765,429,20413,1.026819281460611e-09,1.2753095475740789e-07
GO:0016604,nuclear body,CC,p,81,3765,768,20413,1.0638373412177311e-09,1.3133264237093354e-07
GO:0019787,ubiquitin-like protein transferase activity,MF,p,39,3765,462,20413,1.350130886166235e-09,1.6469185863217056e-07
GO:0022613,ribonucleoprotein complex biogenesis,BP,p,2,3765,132,20413,1.3736542675884082e-09,1.6656980417567606e-07
GO:0070887,cellular response to chemical stimulus,BP,e,292,3765,1149,20413,1.8220367037253746e-09,2.196411657026124e-07
GO:0051241,negative regulation of multicellular organismal process,BP,e,240,3765,912,20413,1.8681355701113667e-09,2.238812996391359e-07
GO:0010498,proteasomal protein catabolic process,BP,p,42,3765,482,20413,2.0208780704998587e-09,2.393864410332579e-07
GO:0048598,embryonic morphogenesis,BP,e,68,3765,183,20413,2.1403111595916373e-09,2.5207699191673233e-07
GO:0000151,ubiquitin ligase complex,CC,p,29,3765,379,20413,2.6940740962702203e-09,3.1369125258446373e-07
GO:0044085,cellular component biogenesis,BP,p,3,3765,142,20413,2.730967633835601e-09,3.161905068937456e-07
GO:0140149,non-collagenous component of interstitial matrix,CC,e,45,3765,102,20413,2.902879045776663e-09,3.342061813769728e-07
GO:0008285,negative regulation of cell population proliferation,BP,e,155,3765,538,20413,3.507466221031441e-09,3.971188136331344e-07
GO:0009887,animal organ morphogenesis,BP,e,89,3765,266,20413,3.739224530361309e-09,4.2103257308073793e-07
GO:0051050,positive regulation of transport,BP,e,200,3765,738,20413,4.067869988987478e-09,4.555347523733354e-07
GO:0016755,aminoacyltransferase activity,MF,p,42,3765,474,20413,4.67200567475954e-09,5.17531958339715e-07
GO:0006400,tRNA modification,BP,p,0,3765,96,20413,5.600530160911634e-09,6.147409494865973e-07
GO:0007169,cell surface receptor protein tyrosine kinase signaling pathway,BP,e,112,3765,360,20413,5.609552410774103e-09,6.147409494865973e-07
GO:0005840,ribosome,CC,p,7,3765,180,20413,6.154784227512099e-09,6.70904219012795e-07
GO:0045184,establishment of protein localization,BP,p,97,3765,858,20413,7.408623556489124e-09,7.990785397006928e-07
GO:0009058,biosynthetic process,BP,p,296,3765,2120,20413,7.636407749120167e-09,8.193345759304692e-07
GO:0042592,homeostatic process,BP,e,267,3765,1050,20413,9.417123415599591e-09,9.896672315686277e-07
GO:0005684,U2-type spliceosomal complex,CC,p,1,3765,107,20413,1.1708782839376511e-08,1.2180105925245829e-06
GO:1901698,response to nitrogen compound,BP,e,175,3765,637,20413,1.2915558536004147e-08,1.3300429199916233e-06
GO:0140168,nuclear ribonucleoprotein granule,CC,p,40,3765,449,20413,1.639026011942927e-08,1.6794280031373195e-06
GO:0098797,plasma membrane protein complex,CC,e,164,3765,591,20413,1.8063386998497584e-08,1.8235122648286257e-06
GO:0071013,catalytic step 2 spliceosome,CC,p,1,3765,105,20413,1.7984471958796578e-08,1.8235122648286257e-06
GO:0048193,Golgi vesicle transport,BP,p,19,3765,283,20413,1.7897714629807603e-08,1.8235122648286257e-06
GO:0098657,import into cell,BP,e,152,3765,539,20413,2.0289919845491667e-08,2.0382418009493175e-06
GO:0034243,regulation of transcription elongation by RNA polymerase II,BP,p,0,3765,90,20413,2.2396879743911493e-08,2.2389232028876985e-06
GO:1904949,ATPase complex,CC,p,4,3765,142,20413,2.309734016141756e-08,2.297736854019078e-06
GO:0051252,regulation of RNA metabolic process,BP,p,462,3765,3095,20413,2.599416499324075e-08,2.5734223343308343e-06
GO:0004842,ubiquitin-protein transferase activity,MF,p,37,3765,422,20413,2.6302811997740957e-08,2.591459260912046e-06
GO:0071396,cellular response to lipid,BP,e,114,3765,378,20413,2.9324531178404844e-08,2.8753474518614855e-06
GO:0010646,regulation of cell communication,BP,e,692,3765,3141,20413,3.166298457859876e-08,3.089854966520116e-06
GO:0048518,positive regulation of biological process,BP,e,1135,3765,5412,20413,3.333011608395243e-08,3.237128288665579e-06
GO:0003712,transcription coregulator activity,MF,p,51,3765,524,20413,3.443913842484068e-08,3.329062564812548e-06
GO:0043161,proteasome-mediated ubiquitin-dependent protein catabolic process,BP,p,35,3765,403,20413,3.939694964075155e-08,3.7551706464554497e-06
GO:0030684,preribosome,CC,p,1,3765,101,20413,4.273798044433759e-08,4.054765894656529e-06
GO:0032784,regulation of DNA-templated transcription elongation,BP,p,1,3765,102,20413,4.5274879161380454e-08,4.256046324101696e-06
GO:0051093,negative regulation of developmental process,BP,e,188,3765,705,20413,4.6722147361913855e-08,4.372040940126486e-06
GO:0009056,catabolic process,BP,p,254,3765,1831,20413,5.3507726971443456e-08,4.984244767389958e-06
GO:0015031,protein transport,BP,p,74,3765,679,20413,6.221159070544764e-08,5.7428023798501735e-06
GO:0034654,nucleobase-containing compound biosynthetic process,BP,p,78,3765,706,20413,6.327971069887336e-08,5.815206777363281e-06
GO:0120114,Sm-like protein family complex,CC,p,1,3765,98,20413,6.598346322272214e-08,6.009773830325532e-06
GO:0030855,epithelial cell differentiation,BP,e,78,3765,236,20413,6.734612906218916e-08,6.106744348988684e-06
GO:0030674,protein-macromolecule adaptor activity,MF,p,121,3765,991,20413,6.954927854681093e-08,6.278737291893375e-06
GO:0043408,regulation of MAPK cascade,BP,e,155,3765,561,20413,7.109447050861926e-08,6.390083263741818e-06
GO:0043228,membraneless organelle,CC,p,548,3765,3573,20413,8.926757996513587e-08,7.988473869980477e-06
GO:0043232,intracellular membraneless organelle,CC,p,548,3765,3571,20413,1.0098756495543766e-07,8.920423140654242e-06
GO:0007010,cytoskeleton organization,BP,e,227,3765,890,20413,1.0198884655223577e-07,8.970203572510588e-06
GO:0060255,regulation of macromolecule metabolic process,BP,p,797,3765,4999,20413,1.216220043410569e-07,1.0516454577895691e-05
GO:0050877,nervous system process,BP,e,144,3765,518,20413,1.4688362607062256e-07,1.2387185798622503e-05
GO:0042221,response to chemical,BP,e,459,3765,2006,20413,1.5008276442302556e-07,1.26051069316437e-05
GO:0080090,regulation of primary metabolic process,BP,p,710,3765,4497,20413,1.516364621559541e-07,1.2683616403926396e-05
GO:0033108,mitochondrial respiratory chain complex assembly,BP,p,1,3765,95,20413,1.5950157956217998e-07,1.3127172168545196e-05
GO:0016607,nuclear speck,CC,p,35,3765,392,20413,1.6153821646223582e-07,1.3241610679842395e-05
GO:0035239,tube morphogenesis,BP,e,56,3765,154,20413,1.6488439832142928e-07,1.3462055676498208e-05
GO:0006405,RNA export from nucleus,BP,p,0,3765,78,20413,1.92519402523034e-07,1.5655952840891016e-05
GO:0006974,DNA damage response,BP,p,80,3765,707,20413,1.9411482259345005e-07,1.5707018354775684e-05
GO:0051049,regulation of transport,BP,e,325,3765,1360,20413,2.1402622031057441e-07,1.7200154246370987e-05
GO:0000209,protein polyubiquitination,BP,p,16,3765,240,20413,2.2525728996950677e-07,1.8032022044316808e-05
GO:0015934,large ribosomal subunit,CC,p,2,3765,107,20413,2.2662815615812773e-07,1.8071170444157632e-05
GO:0031966,mitochondrial membrane,CC,p,88,3765,759,20413,2.312808884462979e-07,1.8370694755542568e-05
GO:0023051,regulation of signaling,BP,e,683,3765,3134,20413,2.4590810262101725e-07,1.937353627913287e-05
GO:0031123,RNA 3'-end processing,BP,p,1,3765,93,20413,2.486331938423825e-07,1.937353627913287e-05
GO:0006402,mRNA catabolic process,BP,p,5,3765,140,20413,2.4699320530032913e-07,1.937353627913287e-05
GO:0061659,ubiquitin-like protein ligase activity,MF,p,33,3765,374,20413,2.473416834962305e-07,1.937353627913287e-05
GO:0065003,protein-containing complex assembly,BP,p,153,3765,1180,20413,2.522187567176289e-07,1.9504599929865543e-05
GO:0006954,inflammatory response,BP,e,90,3765,293,20413,2.919134605056418e-07,2.240517807543864e-05
GO:0003713,transcription coactivator activity,MF,p,22,3765,286,20413,3.050143888869859e-07,2.3236653797252793e-05
GO:0032879,regulation of localization,BP,e,393,3765,1695,20413,3.214519816632651e-07,2.4218806839063572e-05
GO:0043414,macromolecule methylation,BP,p,2,3765,103,20413,3.203468691627523e-07,2.4218806839063572e-05
GO:0005759,mitochondrial matrix,CC,p,44,3765,449,20413,3.85243565461917e-07,2.8708350498222057e-05
GO:0032543,mitochondrial translation,BP,p,1,3765,91,20413,3.884993383170586e-07,2.874193841202701e-05
GO:0002181,cytoplasmic translation,BP,p,1,3765,91,20413,3.884993383170586e-07,2.874193841202701e-05
GO:0048729,tissue morphogenesis,BP,e,68,3765,206,20413,4.766665680497682e-07,3.48868856394425e-05
GO:0043933,protein-containing complex organization,BP,p,178,3765,1327,20413,5.029669720830356e-07,3.6550716875523584e-05
GO:0040011,locomotion,BP,e,84,3765,271,20413,5.134313514981762e-07,3.717932397968949e-05
GO:0008186,"ATP-dependent activity, acting on RNA",MF,p,0,3765,75,20413,5.211669937996057e-07,3.747464983836954e-05
GO:0042274,ribosomal small subunit biogenesis,BP,p,0,3765,75,20413,5.211669937996057e-07,3.747464983836954e-05
GO:0010556,regulation of macromolecule biosynthetic process,BP,p,685,3765,4322,20413,5.280111555814792e-07,3.783403010954984e-05
GO:0060090,molecular adaptor activity,MF,p,155,3765,1180,20413,5.758872823779375e-07,4.112075985286088e-05
GO:0043005,neuron projection,CC,e,238,3765,961,20413,5.791187814610273e-07,4.120792079333622e-05
GO:0061630,ubiquitin protein ligase activity,MF,p,32,3765,357,20413,5.946539775836111e-07,4.2166934126716065e-05
GO:0008283,cell population proliferation,BP,e,91,3765,301,20413,6.067475807556021e-07,4.287613162905018e-05
GO:0043069,negative regulation of programmed cell death,BP,e,182,3765,704,20413,7.021541054646351e-07,4.9110048065825147e-05
GO:0010468,regulation of gene expression,BP,p,666,3765,4206,20413,7.228413547740835e-07,5.038499280063024e-05
GO:0003724,RNA helicase activity,MF,p,0,3765,71,20413,7.326150753182247e-07,5.089315504575043e-05
GO:0032259,methylation,BP,p,3,3765,111,20413,8.351417567546104e-07,5.7750201530456576e-05
GO:0030532,small nuclear ribonucleoprotein complex,CC,p,1,3765,86,20413,8.779231592915521e-07,6.0373420481079784e-05
GO:0005856,cytoskeleton,CC,e,242,3765,986,20413,9.87038513015708e-07,6.741502775577723e-05
GO:2000781,positive regulation of double-strand break repair,BP,p,2,3765,97,20413,1.116506596128367e-06,7.576347574324048e-05
GO:0003729,mRNA binding,MF,p,34,3765,366,20413,1.1651049199607097e-06,7.854110238406191e-05
GO:0019222,regulation of metabolic process,BP,p,885,3765,5438,20413,1.1782861951170166e-06,7.904054585682604e-05
GO:0022626,cytosolic ribosome,CC,p,2,3765,98,20413,1.1802277378709202e-06,7.904054585682604e-05
GO:0019783,ubiquitin-like protein peptidase activity,MF,p,3,3765,108,20413,1.210271091168545e-06,8.078855202383386e-05
GO:0035295,tube development,BP,e,45,3765,121,20413,1.368631762962218e-06,9.047538941414433e-05
GO:0048878,chemical homeostasis,BP,e,191,3765,752,20413,1.5248108741291542e-06,9.95157619220661e-05
GO:0006282,regulation of DNA repair,BP,p,16,3765,225,20413,1.5380687751453429e-06,0.0001000623600287
GO:0004540,RNA nuclease activity,MF,p,5,3765,127,20413,1.5867401911104584e-06,0.0001025774975912
GO:0070603,SWI/SNF superfamily-type complex,CC,p,2,3765,94,20413,1.6823920624592509e-06,0.0001084190582892
GO:0015935,small ribosomal subunit,CC,p,0,3765,68,20413,1.8836594476763336e-06,0.0001206307283163
GO:0045739,positive regulation of DNA repair,BP,p,6,3765,136,20413,2.008625507474438e-06,0.0001274388932652
GO:0016746,acyltransferase activity,MF,p,82,3765,692,20413,2.018810099578207e-06,0.0001276897387983
GO:0042995,cell projection,CC,e,393,3765,1725,20413,2.1118299466674097e-06,0.0001331622495294
GO:0048468,cell development,BP,e,136,3765,505,20413,2.2281523008006823e-06,0.000140066027915
GO:0120025,plasma membrane bounded cell projection,CC,e,392,3765,1722,20413,2.427942900700819e-06,0.0001521585133457
GO:0048583,regulation of response to stimulus,BP,e,766,3765,3605,20413,2.454283362893948e-06,0.0001528742521452
GO:0009889,regulation of biosynthetic process,BP,p,721,3765,4491,20413,2.507039132724309e-06,0.0001556871301421
GO:0006888,endoplasmic reticulum to Golgi vesicle-mediated transport,BP,p,4,3765,114,20413,2.577637081695591e-06,0.0001595115520146
GO:0043066,negative regulation of apoptotic process,BP,e,171,3765,666,20413,2.7197814251280884e-06,0.0001663775544631
GO:0031982,vesicle,CC,e,689,3765,3214,20413,2.7884629680707577e-06,0.0001700713440615
GO:0006406,mRNA export from nucleus,BP,p,0,3765,65,20413,2.8020015871314218e-06,0.0001703899659498
GO:0004518,nuclease activity,MF,p,15,3765,212,20413,2.8917072504624474e-06,0.0001737822776648
GO:0002009,morphogenesis of an epithelium,BP,e,53,3765,154,20413,2.921802835666924e-06,0.000175077501495
GO:0006413,translational initiation,BP,p,0,3765,66,20413,2.995586818522533e-06,0.0001789753955451
GO:0050808,synapse organization,BP,e,72,3765,231,20413,3.10913122368145e-06,0.000185219262113
GO:0006754,ATP biosynthetic process,BP,p,1,3765,79,20413,3.1223134070116325e-06,0.0001854654163764
GO:0071944,cell periphery,CC,e,34,3765,85,20413,3.452982029385439e-06,0.0002033389676097
GO:0043021,ribonucleoprotein complex binding,MF,p,11,3765,177,20413,3.585724571480332e-06,0.0002099492961238
GO:0006259,DNA metabolic process,BP,p,75,3765,639,20413,3.680141801946876e-06,0.0002136442526892
GO:1901699,cellular response to nitrogen compound,BP,e,112,3765,404,20413,3.751080794602718e-06,0.0002159294907971
GO:0005643,nuclear pore,CC,p,2,3765,90,20413,3.828879045574949e-06,0.0002197905273976
GO:0007610,behavior,BP,e,90,3765,309,20413,3.929820732486835e-06,0.0002224691057205
GO:0140534,endoplasmic reticulum protein-containing complex,CC,p,6,3765,132,20413,4.291191335473434e-06,0.000240271541087
GO:0000049,tRNA binding,MF,p,0,3765,62,20413,4.397099281779378e-06,0.0002441998796246
GO:0097525,spliceosomal snRNP complex,CC,p,1,3765,76,20413,4.7847392230566044e-06,0.0002642955819355
GO:0010608,post-transcriptional regulation of gene expression,BP,p,57,3765,515,20413,4.935280405619615e-06,0.0002697032036063
GO:0051052,regulation of DNA metabolic process,BP,p,49,3765,459,20413,5.916545536095921e-06,0.0003143475081097
GO:0048522,positive regulation of cellular process,BP,e,1047,3765,5081,20413,5.882792137698662e-06,0.0003143475081097
GO:0030490,maturation of SSU-rRNA,BP,p,0,3765,61,20413,6.943205927947669e-06,0.0003648387668754
GO:0018149,peptide cross-linking,BP,e,7,3765,7,20413,7.228198830754884e-06,0.0003769147039151
GO:0000956,nuclear-transcribed mRNA catabolic process,BP,p,5,3765,119,20413,7.387219741637084e-06,0.0003832564409249
GO:0033036,macromolecule localization,BP,p,188,3765,1346,20413,7.469699885010921e-06,0.0003865569690493
GO:0016740,transferase activity,MF,p,316,3765,2115,20413,7.67604364341216e-06,0.0003952391014684
GO:0034708,methyltransferase complex,CC,p,4,3765,108,20413,8.362910880860592e-06,0.0004284528317036
GO:1903311,regulation of mRNA metabolic process,BP,p,29,3765,311,20413,8.653238324475985e-06,0.0004422214787618
GO:0009966,regulation of signal transduction,BP,e,593,3765,2751,20413,8.879810838872747e-06,0.0004515482965782
GO:0045596,negative regulation of cell differentiation,BP,e,133,3765,504,20413,8.97152818436064e-06,0.0004539593261286
GO:0009201,ribonucleoside triphosphate biosynthetic process,BP,p,3,3765,97,20413,8.957168571754888e-06,0.0004539593261286
GO:0006355,regulation of DNA-templated transcription,BP,p,435,3765,2810,20413,9.495973049033776e-06,0.0004781350754148
GO:0048589,developmental growth,BP,e,52,3765,156,20413,9.603775574401298e-06,0.0004803088845925
GO:0098772,molecular function regulator activity,MF,e,471,3765,2137,20413,9.609458970522962e-06,0.0004803088845925
GO:0040007,growth,BP,e,52,3765,156,20413,9.603775574401298e-06,0.0004803088845925
GO:0030001,metal ion transport,BP,e,143,3765,550,20413,9.77862009411919e-06,0.0004857022497015
GO:0006281,DNA repair,BP,p,44,3765,417,20413,9.788465774983302e-06,0.0004857022497015
GO:0141187,nucleic acid biosynthetic process,BP,p,46,3765,432,20413,1.0190975817790164e-05,0.0005025443148602
GO:0016073,snRNA metabolic process,BP,p,0,3765,58,20413,1.06537005539912e-05,0.0005160601181884
GO:0065002,intracellular protein transmembrane transport,BP,p,0,3765,58,20413,1.06537005539912e-05,0.0005160601181884
GO:0003824,catalytic activity,MF,p,863,3765,5253,20413,1.0930889422184742e-05,0.0005270746280678
GO:0032040,small-subunit processome,CC,p,1,3765,72,20413,1.116271898399525e-05,0.0005357320846346
GO:0015986,proton motive force-driven ATP synthesis,BP,p,1,3765,72,20413,1.116271898399525e-05,0.0005357320846346
GO:0008104,intracellular protein localization,BP,p,184,3765,1313,20413,1.1685420027632684e-05,0.0005562366950894
GO:2001141,regulation of RNA biosynthetic process,BP,p,438,3765,2823,20413,1.2509166277648682e-05,0.0005920331282398
GO:0070062,extracellular exosome,CC,e,438,3765,1979,20413,1.2727095235833134e-05,0.0005995778452136
GO:0051170,import into nucleus,BP,p,3,3765,94,20413,1.3157464365363568e-05,0.0006184310028426
GO:0001501,skeletal system development,BP,e,39,3765,107,20413,1.333421903936444e-05,0.0006253046928459
GO:0101005,deubiquitinase activity,MF,p,3,3765,95,20413,1.343870820631954e-05,0.0006287658613518
GO:0140463,chromatin-protein adaptor activity,MF,p,7,3765,134,20413,1.5179093696916672e-05,0.0007028302233387
GO:2000779,regulation of double-strand break repair,BP,p,8,3765,142,20413,1.6554943298251374e-05,0.0007589719306735
GO:0040029,epigenetic regulation of gene expression,BP,p,24,3765,269,20413,1.652768824202305e-05,0.0007589719306735
GO:0065010,extracellular membrane-bounded organelle,CC,e,444,3765,2014,20413,1.7020588921526356e-05,0.0007751176194863
GO:0043230,extracellular organelle,CC,e,444,3765,2014,20413,1.7020588921526356e-05,0.0007751176194863
GO:1903561,extracellular vesicle,CC,e,444,3765,2014,20413,1.7020588921526356e-05,0.0007751176194863
GO:0000387,spliceosomal snRNP assembly,BP,p,1,3765,71,20413,1.7932841811046872e-05,0.0008094663595457
GO:0015267,channel activity,MF,e,118,3765,444,20413,1.835082467655617e-05,0.0008228959520714
GO:0022803,passive transmembrane transporter activity,MF,e,118,3765,444,20413,1.835082467655617e-05,0.0008228959520714
GO:0051046,regulation of secretion,BP,e,133,3765,512,20413,1.8450982257591773e-05,0.0008237820902065
GO:0000118,histone deacetylase complex,CC,p,2,3765,82,20413,2.0366109495136432e-05,0.0009053420431319
GO:1903432,regulation of TORC1 signaling,BP,p,5,3765,111,20413,2.209096426517326e-05,0.0009777756602293
GO:0043022,ribosome binding,MF,p,5,3765,112,20413,2.2506496650712937e-05,0.0009918830878775
GO:0034504,protein localization to nucleus,BP,p,9,3765,146,20413,2.4388846688666157e-05,0.0010656729961425
GO:0090734,site of DNA damage,CC,p,9,3765,148,20413,2.5124043061338517e-05,0.0010931359117962
GO:0032774,RNA biosynthetic process,BP,p,37,3765,358,20413,2.5363579031853855e-05,0.0011012199684317
GO:0016741,"transferase activity, transferring one-carbon groups",MF,p,15,3765,195,20413,2.5873748056241748e-05,0.0011186302086847
GO:0140993,histone modifying activity,MF,p,15,3765,195,20413,2.5873748056241748e-05,0.0011186302086847
GO:0031248,protein acetyltransferase complex,CC,p,4,3765,100,20413,2.6020041453527227e-05,0.0011202283813175
GO:0032968,positive regulation of transcription elongation by RNA polymerase II,BP,p,0,3765,54,20413,2.6083325746128623e-05,0.0011205987306402
GO:0045785,positive regulation of cell adhesion,BP,e,110,3765,411,20413,2.720754768811673e-05,0.0011619302916708
GO:0071011,precatalytic spliceosome,CC,p,1,3765,69,20413,2.791757557116709e-05,0.001189428017006
GO:0048871,multicellular organismal-level homeostasis,BP,e,89,3765,318,20413,2.8892065321330617e-05,0.001223316311219
GO:0006606,protein import into nucleus,BP,p,3,3765,90,20413,2.9071389574247915e-05,0.0012283711062784
GO:0001944,vasculature development,BP,e,16,3765,31,20413,3.091344048354945e-05,0.0012928757874068
GO:0001510,RNA methylation,BP,p,2,3765,80,20413,3.10868680656662e-05,0.0012957722601327
GO:0008168,methyltransferase activity,MF,p,14,3765,185,20413,3.588803406197251e-05,0.001470906964064
GO:0008757,S-adenosylmethionine-dependent methyltransferase activity,MF,p,11,3765,160,20413,3.641642081373625e-05,0.0014807176820156
GO:0050839,cell adhesion molecule binding,MF,e,155,3765,619,20413,3.811311261194568e-05,0.0015435810607838
GO:0048514,blood vessel morphogenesis,BP,e,24,3765,57,20413,3.844184736396026e-05,0.0015507653110819
GO:0030424,axon,CC,e,110,3765,414,20413,3.858950169004834e-05,0.0015536633755091
GO:0071012,catalytic step 1 spliceosome,CC,p,1,3765,65,20413,4.002294232026084e-05,0.0015988112221619
GO:0071006,U2-type catalytic step 1 spliceosome,CC,p,1,3765,65,20413,4.002294232026084e-05,0.0015988112221619
GO:0042776,proton motive force-driven mitochondrial ATP synthesis,BP,p,1,3765,65,20413,4.002294232026084e-05,0.0015988112221619
GO:0090066,regulation of anatomical structure size,BP,e,86,3765,308,20413,4.1752835157347985e-05,0.0016614385453971
GO:0005198,structural molecule activity,MF,e,178,3765,729,20413,4.232862903717453e-05,0.0016778348063033
GO:0031461,cullin-RING ubiquitin ligase complex,CC,p,22,3765,246,20413,4.3901688936108274e-05,0.0017334822955061
GO:0009145,purine nucleoside triphosphate biosynthetic process,BP,p,3,3765,89,20413,4.58592868476061e-05,0.0018003723474482
GO:0009206,purine ribonucleoside triphosphate biosynthetic process,BP,p,3,3765,89,20413,4.58592868476061e-05,0.0018003723474482
GO:0070646,protein modification by small protein removal,BP,p,5,3765,107,20413,4.654707750681737e-05,0.0018203993498992
GO:0051130,positive regulation of cellular component organization,BP,e,230,3765,978,20413,4.825454636576323e-05,0.0018764334320181
GO:0140566,histone reader activity,MF,p,5,3765,108,20413,4.845673000503967e-05,0.0018807268333206
GO:0051054,positive regulation of DNA metabolic process,BP,p,24,3765,259,20413,4.934550051628593e-05,0.00191160178087
GO:0016197,endosomal transport,BP,p,27,3765,282,20413,5.120740740410218e-05,0.0019688431518429
GO:0019730,antimicrobial humoral response,BP,e,39,3765,114,20413,5.173200759209148e-05,0.0019852884486605
GO:0065007,biological regulation,BP,e,2021,3765,10348,20413,5.261769048753254e-05,0.0020110296766068
GO:0140677,molecular function activator activity,MF,e,245,3765,1053,20413,5.269716177904179e-05,0.0020110296766068
GO:0071363,cellular response to growth factor stimulus,BP,e,73,3765,253,20413,5.575939477108913e-05,0.0021043780424381
GO:0070848,response to growth factor,BP,e,80,3765,285,20413,5.826225303886959e-05,0.002190767617478
GO:0006414,translational elongation,BP,p,1,3765,64,20413,6.249808961747571e-05,0.0023371776469542
GO:0003743,translation initiation factor activity,MF,p,0,3765,50,20413,6.456744625535314e-05,0.002410165165958
GO:0004843,cysteine-type deubiquitinase activity,MF,p,3,3765,86,20413,6.471466846318124e-05,0.0024112685469381
GO:0009142,nucleoside triphosphate biosynthetic process,BP,p,5,3765,104,20413,6.678659976047427e-05,0.0024839524299299
GO:0016605,PML body,CC,p,5,3765,105,20413,6.772278928517437e-05,0.0025096620629675
GO:0045814,"negative regulation of gene expression, epigenetic",BP,p,14,3765,182,20413,6.860516296311013e-05,0.0025286431737464
GO:0046390,ribose phosphate biosynthetic process,BP,p,11,3765,156,20413,6.917632816911561e-05,0.0025451175819922
GO:0000959,mitochondrial RNA metabolic process,BP,p,0,3765,51,20413,7.031149878788315e-05,0.0025684376910162
GO:0000502,proteasome complex,CC,p,0,3765,51,20413,7.031149878788315e-05,0.0025684376910162
GO:1904356,regulation of telomere maintenance via telomere lengthening,BP,p,0,3765,51,20413,7.031149878788315e-05,0.0025684376910162
GO:0140096,"catalytic activity, acting on a protein",MF,p,336,3765,2187,20413,7.155032214547908e-05,0.0025906020348538
GO:0061136,regulation of proteasomal protein catabolic process,BP,p,18,3765,210,20413,7.460434524057835e-05,0.0026916669841816
GO:1901137,carbohydrate derivative biosynthetic process,BP,p,63,3765,523,20413,7.695641346370564e-05,0.0027716481214617
GO:0050896,response to stimulus,BP,e,854,3765,4148,20413,7.88361067504133e-05,0.0028244551322311
GO:0070918,regulatory ncRNA processing,BP,p,1,3765,61,20413,9.307438691217629e-05,0.0032716525059883
GO:0032786,"positive regulation of DNA-templated transcription, elongation",BP,p,1,3765,61,20413,9.307438691217629e-05,0.0032716525059883
GO:0005689,U12-type spliceosomal complex,CC,p,1,3765,61,20413,9.307438691217629e-05,0.0032716525059883
GO:0016482,cytosolic transport,BP,p,9,3765,138,20413,9.38007016896052e-05,0.0032892531036092
GO:0051606,detection of stimulus,BP,e,57,3765,189,20413,9.501607101917112e-05,0.0033228060467506
GO:0043038,amino acid activation,BP,p,0,3765,47,20413,9.973405850217072e-05,0.0034733468907351
GO:0044232,organelle membrane contact site,CC,p,2,3765,72,20413,9.982927432015692e-05,0.0034733468907351
GO:0043039,tRNA aminoacylation,BP,p,0,3765,47,20413,9.973405850217072e-05,0.0034733468907351
GO:0000902,cell morphogenesis,BP,e,34,3765,97,20413,0.0001029797603469,0.0035708362585284
GO:0061919,process utilizing autophagic mechanism,BP,p,17,3765,200,20413,0.0001053795219933,0.0036294832675792
GO:0006914,autophagy,BP,p,17,3765,200,20413,0.0001053795219933,0.0036294832675792
GO:0009894,regulation of catabolic process,BP,p,137,3765,988,20413,0.0001065195767212,0.003656458435088
GO:0010648,negative regulation of cell communication,BP,e,290,3765,1284,20413,0.0001093575491592,0.0037475990884949
GO:0022407,regulation of cell-cell adhesion,BP,e,111,3765,427,20413,0.0001117793628508,0.0038241978011715
GO:0010647,positive regulation of cell communication,BP,e,349,3765,1576,20413,0.00011443646645,0.0039085775115999
GO:0023056,positive regulation of signaling,BP,e,350,3765,1582,20413,0.0001178805390182,0.004019510625791
GO:0016779,nucleotidyltransferase activity,MF,p,7,3765,118,20413,0.0001185561905006,0.0040307755560136
GO:0009611,response to wounding,BP,e,45,3765,142,20413,0.000125343071554,0.0042387055533934
GO:2000058,regulation of ubiquitin-dependent protein catabolic process,BP,p,12,3765,160,20413,0.0001297183088335,0.0043578972179123
GO:0023057,negative regulation of signaling,BP,e,290,3765,1287,20413,0.0001296481834494,0.0043578972179123
GO:0009260,ribonucleotide biosynthetic process,BP,p,11,3765,151,20413,0.0001306762881115,0.0043828955356307
GO:0006605,protein targeting,BP,p,11,3765,152,20413,0.0001319669721564,0.004411356554331
GO:0001568,blood vessel development,BP,e,23,3765,58,20413,0.0001381763069055,0.0046043041584006
GO:0018205,peptidyl-lysine modification,BP,p,5,3765,99,20413,0.0001389600949302,0.0046229045866982
GO:0005737,cytoplasm,CC,p,1027,3765,6091,20413,0.0001406065704085,0.0046700979698262
GO:0042981,regulation of apoptotic process,BP,e,261,3765,1146,20413,0.0001412855580012,0.0046845476883572
GO:0099512,supramolecular fiber,CC,e,148,3765,602,20413,0.0001459738283755,0.0047974129170664
GO:0099081,supramolecular polymer,CC,e,148,3765,602,20413,0.0001459738283755,0.0047974129170664
GO:1903530,regulation of secretion by cell,BP,e,120,3765,472,20413,0.0001469898118183,0.004811920468999
GO:0098771,inorganic ion homeostasis,BP,e,95,3765,359,20413,0.0001505895454958,0.0049062504862424
GO:0001937,negative regulation of endothelial cell proliferation,BP,e,18,3765,41,20413,0.0001517249981008,0.0049197790918995
GO:0017069,snRNA binding,MF,p,0,3765,46,20413,0.0001616499848991,0.0051680080195597
GO:0071025,RNA surveillance,BP,p,0,3765,46,20413,0.0001616499848991,0.0051680080195597
GO:0032790,ribosome disassembly,BP,p,0,3765,46,20413,0.0001616499848991,0.0051680080195597
GO:0070828,heterochromatin organization,BP,p,13,3765,165,20413,0.0001703821769919,0.0054325697280465
GO:0030182,neuron differentiation,BP,e,64,3765,223,20413,0.0001704553913596,0.0054325697280465
GO:0000123,histone acetyltransferase complex,CC,p,4,3765,90,20413,0.0001752782766353,0.0055776051600749
GO:0042379,chemokine receptor binding,MF,e,20,3765,47,20413,0.0001806277381934,0.0057211812037057
GO:0045202,synapse,CC,e,259,3765,1139,20413,0.0001838790321203,0.0057972815465271
GO:0007423,sensory organ development,BP,e,32,3765,91,20413,0.0001864997760469,0.0058708754386013
GO:0030029,actin filament-based process,BP,e,97,3765,370,20413,0.0001886076255052,0.0059281228059483
GO:0043067,regulation of programmed cell death,BP,e,271,3765,1198,20413,0.0001920708096433,0.0060185123884122
GO:0050789,regulation of biological process,BP,e,1942,3765,9970,20413,0.0002001216168409,0.0062232053018541
GO:0180051,translation factor activity,MF,p,3,3765,79,20413,0.0002053437428475,0.0063470728841234
GO:0001517,N-acetylglucosamine 6-O-sulfotransferase activity,MF,e,5,3765,5,20413,0.0002129852509316,0.0065047790571431
GO:0030185,nitric oxide transport,BP,e,5,3765,5,20413,0.0002129852509316,0.0065047790571431
GO:0016763,pentosyltransferase activity,MF,p,1,3765,56,20413,0.0002172323378229,0.0066068344782376
GO:0051236,establishment of RNA localization,BP,p,6,3765,105,20413,0.0002204969458079,0.0066835485394942
GO:0071806,protein transmembrane transport,BP,p,2,3765,67,20413,0.0002237753827662,0.0067438660573951
GO:0008173,RNA methyltransferase activity,MF,p,2,3765,67,20413,0.0002237753827662,0.0067438660573951
GO:0040008,regulation of growth,BP,e,115,3765,453,20413,0.0002249746911432,0.0067700533709232
GO:1902493,acetyltransferase complex,CC,p,6,3765,107,20413,0.0002280004446521,0.0068510456191446
GO:0016494,C-X-C chemokine receptor activity,MF,e,6,3765,7,20413,0.0002313158229171,0.0069404907160199
GO:0060261,positive regulation of transcription initiation by RNA polymerase II,BP,p,1,3765,58,20413,0.0002327463907656,0.0069732043654397
GO:0031507,heterochromatin formation,BP,p,12,3765,155,20413,0.0002393980338297,0.007151580039756
GO:0140150,gel phase of interstitial matrix,CC,e,14,3765,29,20413,0.0002430666143115,0.0071982140564847
GO:0071953,elastic fiber,CC,e,14,3765,29,20413,0.0002430666143115,0.0071982140564847
GO:0042393,histone binding,MF,p,12,3765,156,20413,0.0002447503794145,0.0072335432763402
GO:0032210,regulation of telomere maintenance via telomerase,BP,p,0,3765,44,20413,0.0002568559071115,0.0075303978604239
GO:0006418,tRNA aminoacylation for protein translation,BP,p,0,3765,44,20413,0.0002568559071115,0.0075303978604239
GO:0019725,cellular homeostasis,BP,e,141,3765,577,20413,0.0002580794827454,0.0075554611998603
GO:0022414,reproductive process,BP,e,218,3765,946,20413,0.0002604063521996,0.0075960605917523
GO:0050801,monoatomic ion homeostasis,BP,e,110,3765,432,20413,0.0002629404169552,0.0076431744179622
GO:0030036,actin cytoskeleton organization,BP,e,86,3765,324,20413,0.0002882749695473,0.0082624041271798
GO:0060260,regulation of transcription initiation by RNA polymerase II,BP,p,3,3765,76,20413,0.0002971908428341,0.0084587943641674
GO:0032007,negative regulation of TOR signaling,BP,p,3,3765,76,20413,0.0002971908428341,0.0084587943641674
GO:0061512,protein localization to cilium,BP,p,3,3765,77,20413,0.0003049584022009,0.0086678398561774
GO:0007218,neuropeptide signaling pathway,BP,e,23,3765,60,20413,0.0003078468313404,0.0087356770443864
GO:0050657,nucleic acid transport,BP,p,6,3765,103,20413,0.0003115086400649,0.0087930393400162
GO:0050658,RNA transport,BP,p,6,3765,103,20413,0.0003115086400649,0.0087930393400162
GO:0003677,DNA binding,MF,p,312,3765,2012,20413,0.000312035777544,0.0087958035614991
GO:0098803,respiratory chain complex,CC,p,6,3765,104,20413,0.0003149898026464,0.0088547133410627
GO:0032204,regulation of telomere maintenance,BP,p,6,3765,104,20413,0.0003149898026464,0.0088547133410627
GO:2000036,regulation of stem cell population maintenance,BP,p,2,3765,65,20413,0.0003328725415446,0.0093445986217468
GO:0022625,cytosolic large ribosomal subunit,CC,p,1,3765,55,20413,0.0003357597568089,0.0094127560824698
GO:0051865,protein autoubiquitination,BP,p,2,3765,66,20413,0.0003391228895927,0.0094681817117499
GO:0033554,cellular response to stress,BP,p,213,3765,1425,20413,0.0003440658419969,0.0095800832881019
GO:0004812,aminoacyl-tRNA ligase activity,MF,p,0,3765,41,20413,0.0003838453656724,0.0105303120197129
GO:0016875,"ligase activity, forming carbon-oxygen bonds",MF,p,0,3765,41,20413,0.0003838453656724,0.0105303120197129
GO:0006629,lipid metabolic process,BP,e,219,3765,956,20413,0.0003854606627199,0.0105604884506955
GO:0055082,intracellular chemical homeostasis,BP,e,122,3765,491,20413,0.0003921447861212,0.0107292698290838
GO:0006351,DNA-templated transcription,BP,p,29,3765,276,20413,0.0004055653187576,0.0110669108885489
GO:7770058,mitochondrial protein import pathway,BP,p,0,3765,42,20413,0.0004092556414265,0.0111231775328301
GO:0031124,mRNA 3'-end processing,BP,p,0,3765,42,20413,0.0004092556414265,0.0111231775328301
GO:1902555,endoribonuclease complex,CC,p,0,3765,42,20413,0.0004092556414265,0.0111231775328301
GO:0031175,neuron projection development,BP,e,92,3765,355,20413,0.0004158867840284,0.0112545762851949
GO:0016874,ligase activity,MF,p,13,3765,159,20413,0.0004247022962198,0.0114669619979369
GO:0051028,mRNA transport,BP,p,3,3765,74,20413,0.0004369915731486,0.0117680686471141
GO:0000018,regulation of DNA recombination,BP,p,8,3765,118,20413,0.0004755149861271,0.0125576399622482
GO:0036094,small molecule binding,MF,e,820,3765,4025,20413,0.0004776435124333,0.0125976171174981
GO:0006417,regulation of translation,BP,p,36,3765,322,20413,0.0004787267778564,0.0126099586871628
GO:0006457,protein folding,BP,p,19,3765,201,20413,0.0004872161611319,0.0128006676795846
GO:0045911,positive regulation of DNA recombination,BP,p,2,3765,63,20413,0.0004960502273968,0.0130160785019772
GO:0001947,heart looping,BP,e,15,3765,34,20413,0.0005003314921377,0.0130948828459494
GO:0140352,export from cell,BP,e,91,3765,352,20413,0.0005067756398847,0.0132466239644882
GO:0061695,"transferase complex, transferring phosphorus-containing groups",CC,p,26,3765,250,20413,0.0005450875447369,0.0141577681296499
GO:0031090,organelle membrane,CC,p,595,3765,3619,20413,0.0005603112783272,0.0144918772451004
GO:0048585,negative regulation of response to stimulus,BP,e,330,3765,1511,20413,0.0005608082927696,0.0144918772451004
GO:0072676,lymphocyte migration,BP,e,18,3765,44,20413,0.000565817262894,0.0145852744257717
GO:0046903,secretion,BP,e,92,3765,358,20413,0.000569476945267,0.0146611696474341
GO:0043487,regulation of RNA stability,BP,p,17,3765,185,20413,0.0005721084003466,0.0147104359451745
GO:0099536,synaptic signaling,BP,e,72,3765,267,20413,0.0005946256097854,0.0152320782766662
GO:0010257,NADH dehydrogenase complex assembly,BP,p,0,3765,39,20413,0.0006051593892448,0.015367449025767
GO:0032981,mitochondrial respiratory chain complex I assembly,BP,p,0,3765,39,20413,0.0006051593892448,0.015367449025767
GO:0072344,rescue of stalled cytosolic ribosome,BP,p,0,3765,38,20413,0.0006025289371137,0.015367449025767
GO:0030488,tRNA methylation,BP,p,0,3765,39,20413,0.0006051593892448,0.015367449025767
GO:0016180,snRNA processing,BP,p,0,3765,38,20413,0.0006025289371137,0.015367449025767
GO:0009060,aerobic respiration,BP,p,6,3765,98,20413,0.0006229571981565,0.015796764338083
GO:0043130,ubiquitin binding,MF,p,6,3765,99,20413,0.0006236071999955,0.015796764338083
GO:0004521,RNA endonuclease activity,MF,p,3,3765,72,20413,0.0006434055271391,0.0162180928261525
GO:0045333,cellular respiration,BP,p,7,3765,107,20413,0.0006455260471076,0.016251554402184
GO:0032434,regulation of proteasomal ubiquitin-dependent protein catabolic process,BP,p,9,3765,123,20413,0.0006495531350017,0.0162989377409373
GO:0002182,cytoplasmic translational elongation,BP,p,0,3765,40,20413,0.0006538065091921,0.0163595321036316
GO:0008092,cytoskeletal protein binding,MF,e,210,3765,920,20413,0.0006787860304207,0.0169431938141434
GO:0090049,regulation of cell migration involved in sprouting angiogenesis,BP,e,18,3765,45,20413,0.0007106596713041,0.0175676099445551
GO:1903587,regulation of blood vessel endothelial cell proliferation involved in sprouting angiogenesis,BP,e,12,3765,25,20413,0.0007216980241595,0.0177335223130706
GO:0055080,monoatomic cation homeostasis,BP,e,105,3765,420,20413,0.000729949000951,0.0178995178894328
GO:0004866,endopeptidase inhibitor activity,MF,e,37,3765,118,20413,0.0007377899326383,0.0180208928361838
GO:0016050,vesicle organization,BP,p,32,3765,289,20413,0.0007414420397253,0.0180670293936869
GO:0000245,spliceosomal complex assembly,BP,p,1,3765,50,20413,0.0007634901047263,0.0184943294517223
GO:0000315,organellar large ribosomal subunit,CC,p,1,3765,50,20413,0.0007634901047263,0.0184943294517223
GO:0005762,mitochondrial large ribosomal subunit,CC,p,1,3765,50,20413,0.0007634901047263,0.0184943294517223
GO:0071005,U2-type precatalytic spliceosome,CC,p,1,3765,50,20413,0.0007634901047263,0.0184943294517223
GO:0051607,defense response to virus,BP,p,20,3765,206,20413,0.0007681927994517,0.0185643573575052
GO:0010569,regulation of double-strand break repair via homologous recombination,BP,p,4,3765,81,20413,0.0007712325618337,0.0186158644165585
GO:0005344,oxygen carrier activity,MF,e,6,3765,8,20413,0.0007797407976549,0.0186891714171735
GO:0015671,oxygen transport,BP,e,6,3765,8,20413,0.0007797407976549,0.0186891714171735
GO:0007422,peripheral nervous system development,BP,e,9,3765,16,20413,0.0007958715192028,0.0189869558125998
GO:0140767,enzyme-substrate adaptor activity,MF,p,16,3765,175,20413,0.0008139884423094,0.0193515836986626
GO:0045089,positive regulation of innate immune response,BP,p,29,3765,268,20413,0.0008202680916644,0.0194557337991672
GO:0061061,muscle structure development,BP,e,28,3765,82,20413,0.0008216336832623,0.019465594301844
GO:0016579,protein deubiquitination,BP,p,5,3765,88,20413,0.0008249540167114,0.0194991726233762
GO:0009593,detection of chemical stimulus,BP,e,26,3765,75,20413,0.000824355470548,0.0194991726233762
GO:0061013,regulation of mRNA catabolic process,BP,p,19,3765,198,20413,0.0008418678398736,0.0198531618441091
GO:0004386,helicase activity,MF,p,10,3765,129,20413,0.0008677364903144,0.0203228844525865
GO:0015931,nucleobase-containing compound transport,BP,p,15,3765,167,20413,0.0008779295464988,0.0205381394936083
GO:0042147,"retrograde transport, endosome to Golgi",BP,p,7,3765,104,20413,0.00089913191458,0.020986230439053
GO:0042304,regulation of fatty acid biosynthetic process,BP,e,17,3765,42,20413,0.0009182620776624,0.0213597556839244
GO:0048519,negative regulation of biological process,BP,e,935,3765,4649,20413,0.000920563841078,0.0213890190421914
GO:0006811,monoatomic ion transport,BP,e,193,3765,844,20413,0.000928259363107,0.0215013543863226
GO:0035861,site of double-strand break,CC,p,7,3765,106,20413,0.0009319613139958,0.0215013543863226
GO:0140006,histone H3 reader activity,MF,p,3,3765,69,20413,0.0009304629478732,0.0215013543863226
GO:0022627,cytosolic small ribosomal subunit,CC,p,0,3765,36,20413,0.0009397515526622,0.0215624133291786
GO:0000175,3'-5'-RNA exonuclease activity,MF,p,0,3765,36,20413,0.0009397515526622,0.0215624133291786
GO:0032205,negative regulation of telomere maintenance,BP,p,0,3765,36,20413,0.0009397515526622,0.0215624133291786
GO:0035196,miRNA processing,BP,p,0,3765,36,20413,0.0009397515526622,0.0215624133291786
GO:0044743,protein transmembrane import into intracellular organelle,BP,p,0,3765,37,20413,0.0009570345770476,0.0218402111218681
GO:0071027,nuclear RNA surveillance,BP,p,0,3765,37,20413,0.0009570345770476,0.0218402111218681
GO:0000781,"chromosome, telomeric region",CC,p,14,3765,160,20413,0.0009565269041533,0.0218402111218681
GO:0031647,regulation of protein stability,BP,p,41,3765,346,20413,0.0009864379758785,0.0223655095647826
GO:0015078,proton transmembrane transporter activity,MF,p,17,3765,182,20413,0.0010045207182423,0.0227214603520323
GO:0061588,calcium activated phospholipid scrambling,BP,e,5,3765,6,20413,0.0010817079228031,0.0239389205853192
GO:2000858,regulation of aldosterone secretion,BP,e,5,3765,6,20413,0.0010817079228031,0.0239389205853192
GO:2000855,regulation of mineralocorticoid secretion,BP,e,5,3765,6,20413,0.0010817079228031,0.0239389205853192
GO:1903598,positive regulation of gap junction assembly,BP,e,5,3765,6,20413,0.0010817079228031,0.0239389205853192
GO:0019958,C-X-C chemokine binding,MF,e,5,3765,6,20413,0.0010817079228031,0.0239389205853192
GO:1990239,steroid hormone binding,MF,e,5,3765,6,20413,0.0010817079228031,0.0239389205853192
GO:1990410,adrenomedullin receptor signaling pathway,BP,e,5,3765,6,20413,0.0010817079228031,0.0239389205853192
GO:0031838,haptoglobin-hemoglobin complex,CC,e,5,3765,6,20413,0.0010817079228031,0.0239389205853192
GO:0000993,RNA polymerase II complex binding,MF,p,2,3765,59,20413,0.0011069801743098,0.0244191008741997
GO:0019843,rRNA binding,MF,p,2,3765,59,20413,0.0011069801743098,0.0244191008741997
GO:0030547,signaling receptor inhibitor activity,MF,e,12,3765,26,20413,0.0011167684595893,0.0245557253673439
GO:0060043,regulation of cardiac muscle cell proliferation,BP,e,12,3765,26,20413,0.0011167684595893,0.0245557253673439
GO:0035869,ciliary transition zone,CC,p,4,3765,79,20413,0.0011257336389174,0.0247263231107558
GO:0009152,purine ribonucleotide biosynthetic process,BP,p,11,3765,135,20413,0.0011302299053614,0.0247919148462196
GO:1902115,regulation of organelle assembly,BP,p,26,3765,244,20413,0.0011336564932065,0.0248205368753012
GO:0071881,adenylate cyclase-inhibiting adrenergic receptor signaling pathway,BP,e,4,3765,4,20413,0.0011557606982889,0.0249315831474059
GO:0042940,D-amino acid transport,BP,e,4,3765,4,20413,0.0011557606982889,0.0249315831474059
GO:0034201,response to oleic acid,BP,e,4,3765,4,20413,0.0011557606982889,0.0249315831474059
GO:0042482,positive regulation of odontogenesis,BP,e,4,3765,4,20413,0.0011557606982889,0.0249315831474059
GO:0140097,"catalytic activity, acting on DNA",MF,p,28,3765,256,20413,0.0011518529713398,0.0249315831474059
GO:0030284,nuclear estrogen receptor activity,MF,e,4,3765,4,20413,0.0011557606982889,0.0249315831474059
GO:0034189,very-low-density lipoprotein particle binding,MF,e,4,3765,4,20413,0.0011557606982889,0.0249315831474059
GO:0004936,alpha-adrenergic receptor activity,MF,e,4,3765,4,20413,0.0011557606982889,0.0249315831474059
GO:0047024,"5-alpha-androstane-3-beta,17-beta-diol dehydrogenase (NADP+) activity",MF,e,4,3765,4,20413,0.0011557606982889,0.0249315831474059
GO:0061689,tricellular tight junction,CC,e,4,3765,4,20413,0.0011557606982889,0.0249315831474059
GO:0008282,inward rectifying potassium channel,CC,e,4,3765,4,20413,0.0011557606982889,0.0249315831474059
GO:0090733,tenascin complex,CC,e,4,3765,4,20413,0.0011557606982889,0.0249315831474059
GO:0006368,transcription elongation by RNA polymerase II,BP,p,1,3765,47,20413,0.0011629220797586,0.0249547247963288
GO:1905348,endonuclease complex,CC,p,1,3765,47,20413,0.0011629220797586,0.0249547247963288
GO:0004532,RNA exonuclease activity,MF,p,1,3765,47,20413,0.0011629220797586,0.0249547247963288
GO:1901740,negative regulation of myoblast fusion,BP,p,1,3765,47,20413,0.0011629220797586,0.0249547247963288
GO:0009615,response to virus,BP,p,34,3765,297,20413,0.0011607172713476,0.0249547247963288
GO:0070897,transcription preinitiation complex assembly,BP,p,2,3765,60,20413,0.0011671942232477,0.0249940556081671
GO:0008408,3'-5' exonuclease activity,MF,p,2,3765,60,20413,0.0011671942232477,0.0249940556081671
GO:0031645,negative regulation of nervous system process,BP,e,7,3765,11,20413,0.0011853211430435,0.0250937873805692
GO:0004527,exonuclease activity,MF,p,5,3765,86,20413,0.0011737293228397,0.0250937873805692
GO:0043065,positive regulation of apoptotic process,BP,e,105,3765,425,20413,0.0012251440612365,0.0256420381869496
GO:0010506,regulation of autophagy,BP,p,41,3765,345,20413,0.0012262332222324,0.0256420381869496
GO:0072666,establishment of protein localization to vacuole,BP,p,1,3765,49,20413,0.0012331112562127,0.0257595810128106
GO:0036464,cytoplasmic ribonucleoprotein granule,CC,p,25,3765,236,20413,0.0012613965067844,0.0262168342936442
GO:0019228,neuronal action potential,BP,e,10,3765,20,20413,0.0013572987507086,0.0279830214268334
GO:0061037,negative regulation of cartilage development,BP,e,10,3765,20,20413,0.0013572987507086,0.0279830214268334
GO:0034976,response to endoplasmic reticulum stress,BP,p,22,3765,215,20413,0.0013639993134149,0.0280929024420234
GO:0035097,histone methyltransferase complex,CC,p,3,3765,68,20413,0.0013988057514585,0.0286657262646395
GO:0030141,secretory granule,CC,e,73,3765,280,20413,0.0014204896135703,0.0289364748020843
GO:0120545,nucleic acid conformation isomerase activity,MF,p,12,3765,140,20413,0.0014307528724119,0.0290877168793027
GO:1905370,serine-type endopeptidase complex,CC,e,13,3765,30,20413,0.0014402320350024,0.029164698708799
GO:1905286,serine-type peptidase complex,CC,e,13,3765,30,20413,0.0014402320350024,0.029164698708799
GO:1902531,regulation of intracellular signal transduction,BP,e,390,3765,1837,20413,0.0014445972422778,0.0292242164718647
GO:0009156,ribonucleoside monophosphate biosynthetic process,BP,p,0,3765,34,20413,0.0014703395301349,0.0296863724049805
GO:0044409,symbiont entry into host,BP,e,24,3765,69,20413,0.001494212380657,0.0299910816031386
GO:0061844,antimicrobial humoral immune response mediated by antimicrobial peptide,BP,e,27,3765,82,20413,0.0015070521800894,0.0302191979712072
GO:0003714,transcription corepressor activity,MF,p,21,3765,207,20413,0.0015104400939935,0.0302575257538708
GO:0140142,nucleocytoplasmic carrier activity,MF,p,0,3765,35,20413,0.0015182165956505,0.0303409815359348
GO:0071357,cellular response to type I interferon,BP,p,0,3765,35,20413,0.0015182165956505,0.0303409815359348
GO:0016241,regulation of macroautophagy,BP,p,18,3765,184,20413,0.0015367804740534,0.0306354496641811
GO:0003725,double-stranded RNA binding,MF,p,4,3765,75,20413,0.001540486263088,0.030642542764159
GO:0009628,response to abiotic stimulus,BP,e,198,3765,876,20413,0.0015505552198477,0.0307902404266867
GO:1990928,response to amino acid starvation,BP,p,2,3765,56,20413,0.0016231834090192,0.0321390314985803
GO:0045271,respiratory chain complex I,CC,p,1,3765,45,20413,0.0017565330040066,0.0344136050201803
GO:0030964,NADH dehydrogenase complex,CC,p,1,3765,45,20413,0.0017565330040066,0.0344136050201803
GO:1902459,positive regulation of stem cell population maintenance,BP,p,1,3765,45,20413,0.0017565330040066,0.0344136050201803
GO:0008289,lipid binding,MF,e,157,3765,678,20413,0.0017655132585224,0.0344577744827624
GO:0140374,antiviral innate immune response,BP,p,6,3765,93,20413,0.001772730634656,0.0345328601673055
GO:0006352,DNA-templated transcription initiation,BP,p,7,3765,101,20413,0.0017719618572451,0.0345328601673055
GO:0002833,positive regulation of response to biotic stimulus,BP,p,34,3765,292,20413,0.0017948911876576,0.034931343882876
GO:0046034,ATP metabolic process,BP,p,13,3765,147,20413,0.0018039415023622,0.0350741681289459
GO:0098809,nitrite reductase activity,MF,e,6,3765,9,20413,0.0019727924522475,0.0375294181449584
GO:0043484,regulation of RNA splicing,BP,p,18,3765,182,20413,0.0020002996078774,0.0379205734174214
GO:0099537,trans-synaptic signaling,BP,e,67,3765,256,20413,0.0019993111245348,0.0379205734174214
GO:0005882,intermediate filament,CC,e,28,3765,87,20413,0.0020174182725663,0.0381621643348278
GO:0072665,protein localization to vacuole,BP,p,3,3765,66,20413,0.0020639622124471,0.038837733626827
GO:0015453,oxidoreduction-driven active transmembrane transporter activity,MF,p,3,3765,66,20413,0.0020639622124471,0.038837733626827
GO:0005694,chromosome,CC,p,77,3765,567,20413,0.0020682195998199,0.038848784838782
GO:0007399,nervous system development,BP,e,81,3765,319,20413,0.002157096111637,0.0404440719266033
GO:0016236,macroautophagy,BP,p,14,3765,151,20413,0.0021824993052637,0.0408083560791704
GO:0022600,digestive system process,BP,e,21,3765,60,20413,0.0022291392455619,0.0415796623843573
GO:0032182,ubiquitin-like protein binding,MF,p,9,3765,113,20413,0.0022621448575723,0.0419910639186872
GO:0043167,ion binding,MF,e,772,3765,3825,20413,0.0022684246055605,0.0420695252866528
GO:0048584,positive regulation of response to stimulus,BP,e,425,3765,2026,20413,0.0022924698171111,0.0424386485655451
GO:0051059,NF-kappaB binding,MF,p,0,3765,32,20413,0.0023081395916215,0.0425748916751572
GO:0035459,vesicle cargo loading,BP,p,0,3765,32,20413,0.0023081395916215,0.0425748916751572
GO:1990756,ubiquitin-like ligase-substrate adaptor activity,MF,p,13,3765,144,20413,0.0023677573988374,0.0433595768566722
GO:0097648,G protein-coupled receptor complex,CC,e,9,3765,18,20413,0.002369722640876,0.0433595768566722
GO:0070063,RNA polymerase binding,MF,p,5,3765,82,20413,0.0023788610221503,0.0434879562238414
GO:0003143,embryonic heart tube morphogenesis,BP,e,15,3765,38,20413,0.00241832609329,0.0435489952810132
GO:0008175,tRNA methyltransferase activity,MF,p,0,3765,33,20413,0.0024158764493428,0.0435489952810132
GO:0098800,inner mitochondrial membrane protein complex,CC,p,2,3765,54,20413,0.0024046810815789,0.0435489952810132
GO:0010874,regulation of cholesterol efflux,BP,e,15,3765,38,20413,0.00241832609329,0.0435489952810132
GO:1904262,negative regulation of TORC1 signaling,BP,p,2,3765,54,20413,0.0024046810815789,0.0435489952810132
GO:2000059,negative regulation of ubiquitin-dependent protein catabolic process,BP,p,2,3765,54,20413,0.0024046810815789,0.0435489952810132
GO:0002183,cytoplasmic translational initiation,BP,p,0,3765,33,20413,0.0024158764493428,0.0435489952810132
GO:0042056,chemoattractant activity,MF,e,12,3765,28,20413,0.002444772174312,0.0439479966387517
GO:0042923,neuropeptide binding,MF,e,8,3765,15,20413,0.0024771774882035,0.0443360683543722
GO:0007006,mitochondrial membrane organization,BP,p,2,3765,55,20413,0.0024824781335957,0.0443534650320644
GO:0050688,regulation of defense response to virus,BP,p,2,3765,55,20413,0.0024824781335957,0.0443534650320644
GO:0043169,cation binding,MF,e,436,3765,2085,20413,0.0026041272940851,0.0463652307886071
GO:1905168,positive regulation of double-strand break repair via homologous recombination,BP,p,1,3765,43,20413,0.0026586748106327,0.0472543130045944
GO:0006120,"mitochondrial electron transport, NADH to ubiquinone",BP,p,1,3765,43,20413,0.0026586748106327,0.0472543130045944
GO:0080135,regulation of cellular response to stress,BP,p,66,3765,493,20413,0.0026969392469299,0.0476891108739869
GO:0031072,heat shock protein binding,MF,p,11,3765,127,20413,0.0027255041890058,0.0480255867113467
GO:0034340,response to type I interferon,BP,p,1,3765,44,20413,0.0027337326612379,0.0480466410177956
GO:0017004,cytochrome complex assembly,BP,p,1,3765,44,20413,0.0027337326612379,0.0480466410177956
GO:0043488,regulation of mRNA stability,BP,p,17,3765,171,20413,0.0028413547247182,0.0498099934761767
